document,topicId,distribution,period
0,0,0.227,0
0,1,0.0639,0
0,2,0.0621,0
0,3,0.0928,0
0,4,0.0727,0
0,5,0.1473,0
0,6,0.0954,0
0,7,0.2388,0
1,0,0.1685,0
1,1,0.0969,0
1,2,0.0328,0
1,3,0.1408,0
1,4,0.0992,0
1,5,0.1164,0
1,6,0.034,0
1,7,0.3113,0
2,0,0.1301,0
2,1,0.023,0
2,2,0.1057,0
2,3,0.0491,0
2,4,0.0615,0
2,5,0.178,0
2,6,0.0001,0
2,7,0.4526,0
3,0,0.0003,0
3,1,0.2752,0
3,2,0.1185,0
3,3,0.1339,0
3,4,0.0003,0
3,5,0.0003,0
3,6,0.1301,0
3,7,0.3414,0
4,0,0.4636,0
4,1,0.0258,0
4,2,0.1682,0
4,3,0.0747,0
4,4,0.0002,0
4,5,0.1299,0
4,6,0.1375,0
4,7,0.0002,0
5,0,0.2435,0
5,1,0.1846,0
5,2,0.0805,0
5,3,0.0801,0
5,4,0.0873,0
5,5,0.0808,0
5,6,0.1215,0
5,7,0.1217,0
6,0,0.13,0
6,1,0.1066,0
6,2,0.0001,0
6,3,0.0503,0
6,4,0.0001,0
6,5,0.0001,0
6,6,0.1749,0
6,7,0.5378,0
7,0,0.1091,0
7,1,0.0239,0
7,2,0.0234,0
7,3,0.0216,0
7,4,0.0001,0
7,5,0.2547,0
7,6,0.3376,0
7,7,0.2295,0
8,0,0.1721,0
8,1,0.316,0
8,2,0.0001,0
8,3,0.0748,1
8,4,0.1841,1
8,5,0.2526,1
8,6,0.0001,1
8,7,0.0001,1
9,0,0.023,1
9,1,0.4165,1
9,2,0.0,1
9,3,0.0,1
9,4,0.091,1
9,5,0.0,1
9,6,0.0819,1
9,7,0.3875,1
10,0,0.1176,1
10,1,0.0003,1
10,2,0.0003,1
10,3,0.7897,1
10,4,0.063,1
10,5,0.0287,1
10,6,0.0003,1
10,7,0.0003,1
11,0,0.1815,1
11,1,0.0002,1
11,2,0.0002,1
11,3,0.3513,1
11,4,0.0002,1
11,5,0.07,1
11,6,0.1049,1
11,7,0.2917,1
12,0,0.4624,1
12,1,0.0004,1
12,2,0.0443,1
12,3,0.4915,1
12,4,0.0004,1
12,5,0.0004,1
12,6,0.0004,1
12,7,0.0004,1
13,0,0.3062,1
13,1,0.0002,1
13,2,0.0439,1
13,3,0.3691,1
13,4,0.0002,1
13,5,0.0782,1
13,6,0.0894,1
13,7,0.1128,1
14,0,0.3721,1
14,1,0.0002,1
14,2,0.0262,1
14,3,0.1108,1
14,4,0.0287,1
14,5,0.0502,1
14,6,0.2152,1
14,7,0.1966,1
15,0,0.2042,1
15,1,0.0502,1
15,2,0.0144,1
15,3,0.1246,1
15,4,0.2596,1
15,5,0.0002,1
15,6,0.0164,1
15,7,0.3304,1
16,0,0.078,1
16,1,0.0005,1
16,2,0.0005,1
16,3,0.6326,1
16,4,0.149,1
16,5,0.0637,1
16,6,0.0005,1
16,7,0.0754,1
17,0,0.2163,1
17,1,0.1578,1
17,2,0.1328,1
17,3,0.0006,1
17,4,0.0006,1
17,5,0.35,1
17,6,0.0006,1
17,7,0.1413,1
18,0,0.0353,1
18,1,0.0003,1
18,2,0.0337,1
18,3,0.8197,1
18,4,0.11,1
18,5,0.0003,1
18,6,0.0003,1
18,7,0.0003,1
19,0,0.1345,1
19,1,0.1807,1
19,2,0.1003,1
19,3,0.1652,1
19,4,0.2045,1
19,5,0.1371,1
19,6,0.0006,1
19,7,0.0772,1
20,0,0.2395,1
20,1,0.1935,1
20,2,0.0931,1
20,3,0.3081,1
20,4,0.0186,1
20,5,0.0002,1
20,6,0.1137,1
20,7,0.0333,1
21,0,0.1424,1
21,1,0.0002,1
21,2,0.1695,1
21,3,0.1937,1
21,4,0.0865,1
21,5,0.1885,1
21,6,0.2191,1
21,7,0.0002,1
22,0,0.0003,1
22,1,0.1356,1
22,2,0.039,1
22,3,0.3161,1
22,4,0.0466,1
22,5,0.1211,1
22,6,0.3132,1
22,7,0.0283,1
23,0,0.192,1
23,1,0.0005,1
23,2,0.0571,1
23,3,0.2883,1
23,4,0.1473,1
23,5,0.0559,1
23,6,0.1578,1
23,7,0.101,1
24,0,0.5016,1
24,1,0.0004,1
24,2,0.0004,1
24,3,0.0866,1
24,4,0.0004,1
24,5,0.4099,1
24,6,0.0004,1
24,7,0.0004,1
25,0,0.171,1
25,1,0.1204,1
25,2,0.0401,2
25,3,0.2268,2
25,4,0.0365,2
25,5,0.3011,2
25,6,0.0672,2
25,7,0.037,2
26,0,0.2068,2
26,1,0.0003,2
26,2,0.0003,2
26,3,0.0003,2
26,4,0.13,2
26,5,0.2642,2
26,6,0.1175,2
26,7,0.2806,2
27,0,0.515,2
27,1,0.0003,2
27,2,0.0003,2
27,3,0.1606,2
27,4,0.0416,2
27,5,0.0003,2
27,6,0.2493,2
27,7,0.0328,2
28,0,0.4247,2
28,1,0.0006,2
28,2,0.0601,2
28,3,0.1822,2
28,4,0.0006,2
28,5,0.0728,2
28,6,0.0814,2
28,7,0.1777,2
29,0,0.2533,2
29,1,0.0002,2
29,2,0.0633,2
29,3,0.3513,2
29,4,0.0002,2
29,5,0.16,2
29,6,0.0675,2
29,7,0.1042,2
30,0,0.2321,2
30,1,0.0003,2
30,2,0.0349,2
30,3,0.0003,2
30,4,0.2403,2
30,5,0.1718,2
30,6,0.1592,2
30,7,0.1611,2
31,0,0.2433,2
31,1,0.0001,2
31,2,0.1106,2
31,3,0.0001,2
31,4,0.0258,3
31,5,0.2465,3
31,6,0.3399,3
31,7,0.0336,3
32,0,0.2561,3
32,1,0.1757,3
32,2,0.0447,3
32,3,0.0635,3
32,4,0.2454,3
32,5,0.18,3
32,6,0.019,3
32,7,0.0157,3
33,0,0.1673,3
33,1,0.2685,3
33,2,0.0838,3
33,3,0.0002,3
33,4,0.047,3
33,5,0.2552,3
33,6,0.0298,3
33,7,0.1481,3
34,0,0.3307,3
34,1,0.0002,3
34,2,0.4594,3
34,3,0.0337,3
34,4,0.0002,3
34,5,0.1756,3
34,6,0.0002,3
34,7,0.0002,3
35,0,0.1264,3
35,1,0.0841,3
35,2,0.5025,3
35,3,0.119,3
35,4,0.0001,3
35,5,0.1538,3
35,6,0.014,3
35,7,0.0001,3
36,0,0.0002,3
36,1,0.0002,3
36,2,0.0002,3
36,3,0.0982,3
36,4,0.0387,3
36,5,0.6042,3
36,6,0.0527,3
36,7,0.2056,3
37,0,0.0961,3
37,1,0.0565,3
37,2,0.0004,3
37,3,0.0004,3
37,4,0.0004,3
37,5,0.8453,3
37,6,0.0004,3
37,7,0.0004,3
38,0,0.0001,3
38,1,0.0001,4
38,2,0.0268,4
38,3,0.0001,4
38,4,0.0411,4
38,5,0.9143,4
38,6,0.0173,4
38,7,0.0001,4
39,0,0.3221,4
39,1,0.0007,4
39,2,0.0007,4
39,3,0.0007,4
39,4,0.0007,4
39,5,0.6739,4
39,6,0.0007,4
39,7,0.0007,4
40,0,0.0003,4
40,1,0.2948,4
40,2,0.0314,4
40,3,0.0674,4
40,4,0.0841,4
40,5,0.2182,4
40,6,0.1559,4
40,7,0.148,4
41,0,0.1371,4
41,1,0.0695,4
41,2,0.0003,4
41,3,0.0003,4
41,4,0.2386,4
41,5,0.364,4
41,6,0.1512,4
41,7,0.0388,4
42,0,0.2218,4
42,1,0.0002,4
42,2,0.1929,4
42,3,0.0397,4
42,4,0.0002,4
42,5,0.3211,4
42,6,0.224,4
42,7,0.0002,4
43,0,0.0002,4
43,1,0.0638,4
43,2,0.0002,4
43,3,0.1463,4
43,4,0.2948,4
43,5,0.2422,4
43,6,0.1476,4
43,7,0.105,4
44,0,0.2253,4
44,1,0.0433,4
44,2,0.0001,4
44,3,0.0001,5
44,4,0.1521,5
44,5,0.499,5
44,6,0.0001,5
44,7,0.08,5
45,0,0.2715,5
45,1,0.0206,5
45,2,0.0737,5
45,3,0.0002,5
45,4,0.2066,5
45,5,0.128,5
45,6,0.1249,5
45,7,0.1745,5
46,0,0.0419,5
46,1,0.0002,5
46,2,0.1291,5
46,3,0.0138,5
46,4,0.2046,5
46,5,0.3192,5
46,6,0.2909,5
46,7,0.0002,5
47,0,0.1742,5
47,1,0.0564,5
47,2,0.0005,5
47,3,0.0539,5
47,4,0.3694,5
47,5,0.2879,5
47,6,0.0574,5
47,7,0.0005,5
48,0,0.3308,5
48,1,0.0002,5
48,2,0.4592,5
48,3,0.0338,5
48,4,0.0002,5
48,5,0.1756,5
48,6,0.0002,5
48,7,0.0002,5
49,0,0.1187,5
49,1,0.0911,5
49,2,0.1886,5
49,3,0.2205,5
49,4,0.0779,5
49,5,0.0003,5
49,6,0.2364,5
49,7,0.0667,5
50,0,0.3066,5
50,1,0.0003,5
50,2,0.038,6
50,3,0.164,6
50,4,0.3807,6
50,5,0.0003,6
50,6,0.1097,6
50,7,0.0003,6
51,0,0.0001,6
51,1,0.923,6
51,2,0.0001,6
51,3,0.0001,6
51,4,0.0001,6
51,5,0.0587,6
51,6,0.0001,6
51,7,0.0178,6
52,0,0.0001,6
52,1,0.7214,6
52,2,0.0001,6
52,3,0.0222,6
52,4,0.0001,6
52,5,0.0534,6
52,6,0.2028,6
52,7,0.0001,6
53,0,0.0825,6
53,1,0.8476,6
53,2,0.0002,6
53,3,0.0127,6
53,4,0.0002,6
53,5,0.0566,6
53,6,0.0002,6
53,7,0.0002,6
54,0,0.2363,6
54,1,0.0168,6
54,2,0.2715,6
54,3,0.0346,6
54,4,0.0001,6
54,5,0.4014,6
54,6,0.0001,6
54,7,0.0391,6
55,0,0.0001,6
55,1,0.0647,6
55,2,0.0001,6
55,3,0.1449,6
55,4,0.0001,6
55,5,0.1423,6
55,6,0.0171,6
55,7,0.6309,6
56,0,0.3048,6
56,1,0.0317,6
56,2,0.0966,6
56,3,0.0003,6
56,4,0.0377,6
56,5,0.3395,6
56,6,0.0003,6
56,7,0.1891,7
57,0,0.1605,7
57,1,0.3143,7
57,2,0.0002,7
57,3,0.0798,7
57,4,0.0727,7
57,5,0.2136,7
57,6,0.0453,7
57,7,0.1136,7
58,0,0.1516,7
58,1,0.132,7
58,2,0.0866,7
58,3,0.3493,7
58,4,0.1719,7
58,5,0.0712,7
58,6,0.0001,7
58,7,0.0373,7
59,0,0.4004,7
59,1,0.0567,7
59,2,0.0517,7
59,3,0.1371,7
59,4,0.0759,7
59,5,0.0909,7
59,6,0.0747,7
59,7,0.1125,7
60,0,0.4074,7
60,1,0.042,7
60,2,0.0002,7
60,3,0.0002,7
60,4,0.0313,7
60,5,0.1139,7
60,6,0.0991,7
60,7,0.306,7
61,0,0.2028,7
61,1,0.0002,7
61,2,0.0133,7
61,3,0.0491,7
61,4,0.0215,7
61,5,0.3872,7
61,6,0.241,7
61,7,0.0849,7
62,0,0.1084,7
62,1,0.1129,7
62,2,0.0513,7
62,3,0.333,7
62,4,0.0666,7
62,5,0.1708,7
62,6,0.0002,7
62,7,0.1569,7
63,0,0.5021,7
63,1,0.0002,7
63,2,0.0002,7
63,3,0.0273,7
63,4,0.0863,7
63,5,0.2127,7
63,6,0.0002,7
63,7,0.1709,7
64,0,0.2658,7
64,1,0.0996,7
64,2,0.1703,7
64,3,0.4612,7
64,4,0.0008,7
64,5,0.0008,7
64,6,0.0008,7
64,7,0.0008,7
65,0,0.0275,7
65,1,0.0003,7
65,2,0.0003,7
65,3,0.3073,8
65,4,0.0384,8
65,5,0.1199,8
65,6,0.1049,8
65,7,0.4016,8
66,0,0.2786,8
66,1,0.0001,8
66,2,0.15,8
66,3,0.0541,8
66,4,0.0001,8
66,5,0.198,8
66,6,0.0192,8
66,7,0.2998,8
67,0,0.1113,8
67,1,0.4745,8
67,2,0.0376,8
67,3,0.0932,8
67,4,0.0002,8
67,5,0.1069,8
67,6,0.1211,8
67,7,0.055,8
68,0,0.0198,8
68,1,0.0001,8
68,2,0.0001,8
68,3,0.072,8
68,4,0.0001,8
68,5,0.8541,8
68,6,0.0419,8
68,7,0.0118,8
69,0,0.0403,8
69,1,0.0002,8
69,2,0.0002,8
69,3,0.0146,8
69,4,0.2445,8
69,5,0.4072,8
69,6,0.2926,8
69,7,0.0002,8
70,0,0.046,8
70,1,0.1159,8
70,2,0.0001,8
70,3,0.0139,8
70,4,0.0695,8
70,5,0.714,8
70,6,0.0001,8
70,7,0.0407,8
71,0,0.3167,8
71,1,0.1281,8
71,2,0.0729,8
71,3,0.3094,8
71,4,0.0358,8
71,5,0.1365,8
71,6,0.0003,8
71,7,0.0003,8
72,0,0.029,8
72,1,0.0002,8
72,2,0.0002,8
72,3,0.0002,8
72,4,0.0002,8
72,5,0.7103,8
72,6,0.2597,8
72,7,0.0002,8
73,0,0.0465,8
73,1,0.2589,8
73,2,0.0661,9
73,3,0.1782,9
73,4,0.0002,9
73,5,0.3097,9
73,6,0.0002,9
73,7,0.1402,9
74,0,0.1339,9
74,1,0.0598,9
74,2,0.4789,9
74,3,0.0002,9
74,4,0.0222,9
74,5,0.2806,9
74,6,0.0242,9
74,7,0.0002,9
75,0,0.0001,9
75,1,0.0228,9
75,2,0.0001,9
75,3,0.0001,9
75,4,0.0001,9
75,5,0.9059,9
75,6,0.0706,9
75,7,0.0001,9
76,0,0.1113,9
76,1,0.4745,9
76,2,0.0376,9
76,3,0.0932,9
76,4,0.0002,9
76,5,0.1069,9
76,6,0.1211,9
76,7,0.055,9
77,0,0.029,9
77,1,0.0002,0
77,2,0.0002,0
77,3,0.0002,0
77,4,0.0002,0
77,5,0.7103,0
77,6,0.2597,0
77,7,0.0002,0
78,0,0.0005,0
78,1,0.0005,0
78,2,0.0719,0
78,3,0.0005,0
78,4,0.7307,0
78,5,0.1951,0
78,6,0.0005,0
78,7,0.0005,0
79,0,0.3105,0
79,1,0.0005,0
79,2,0.0005,0
79,3,0.0005,0
79,4,0.5957,0
79,5,0.0005,0
79,6,0.0005,0
79,7,0.0915,0
80,0,0.4547,0
80,1,0.0605,0
80,2,0.1107,0
80,3,0.0003,0
80,4,0.0395,0
80,5,0.1172,0
80,6,0.1352,0
80,7,0.082,0
81,0,0.0001,0
81,1,0.0397,0
81,2,0.0001,0
81,3,0.1214,0
81,4,0.0001,0
81,5,0.8184,0
81,6,0.0199,0
81,7,0.0001,0
82,0,0.0001,0
82,1,0.0397,0
82,2,0.0001,0
82,3,0.1214,0
82,4,0.0001,0
82,5,0.8184,0
82,6,0.0199,0
82,7,0.0001,0
83,0,0.0465,0
83,1,0.2589,0
83,2,0.0661,0
83,3,0.1782,0
83,4,0.0002,0
83,5,0.3097,0
83,6,0.0002,0
83,7,0.1402,0
84,0,0.4547,0
84,1,0.0605,0
84,2,0.1107,0
84,3,0.0003,0
84,4,0.0395,0
84,5,0.1172,0
84,6,0.1352,0
84,7,0.082,0
85,0,0.4547,0
85,1,0.0605,0
85,2,0.1107,0
85,3,0.0003,0
85,4,0.0395,1
85,5,0.1172,1
85,6,0.1352,1
85,7,0.082,1
86,0,0.4805,1
86,1,0.0003,1
86,2,0.1586,1
86,3,0.0741,1
86,4,0.1376,1
86,5,0.1484,1
86,6,0.0003,1
86,7,0.0003,1
87,0,0.1779,1
87,1,0.0639,1
87,2,0.0002,1
87,3,0.0002,1
87,4,0.0514,1
87,5,0.488,1
87,6,0.1047,1
87,7,0.1138,1
88,0,0.2629,1
88,1,0.0002,1
88,2,0.0616,1
88,3,0.0002,1
88,4,0.0002,1
88,5,0.4991,1
88,6,0.0292,1
88,7,0.1465,1
89,0,0.3105,1
89,1,0.0005,1
89,2,0.0005,1
89,3,0.0005,1
89,4,0.5957,1
89,5,0.0005,1
89,6,0.0005,1
89,7,0.0915,1
90,0,0.2065,1
90,1,0.0003,1
90,2,0.0003,1
90,3,0.0003,1
90,4,0.5544,1
90,5,0.0725,1
90,6,0.1653,1
90,7,0.0003,1
91,0,0.0005,1
91,1,0.0005,1
91,2,0.0719,1
91,3,0.0005,1
91,4,0.7307,1
91,5,0.1951,1
91,6,0.0005,1
91,7,0.0005,1
92,0,0.3115,1
92,1,0.0002,1
92,2,0.1194,1
92,3,0.1218,1
92,4,0.193,1
92,5,0.1183,1
92,6,0.0512,1
92,7,0.0845,1
93,0,0.2024,1
93,1,0.0822,1
93,2,0.0003,1
93,3,0.0592,1
93,4,0.3717,1
93,5,0.2835,1
93,6,0.0003,1
93,7,0.0003,1
94,0,0.4805,1
94,1,0.0003,1
94,2,0.1586,1
94,3,0.0741,1
94,4,0.1376,1
94,5,0.1484,1
94,6,0.0003,1
94,7,0.0003,1
95,0,0.029,1
95,1,0.0002,1
95,2,0.0002,1
95,3,0.0002,1
95,4,0.0002,1
95,5,0.7103,1
95,6,0.2597,1
95,7,0.0002,1
96,0,0.6819,1
96,1,0.0271,1
96,2,0.1511,1
96,3,0.0002,1
96,4,0.0002,1
96,5,0.1389,1
96,6,0.0002,1
96,7,0.0002,1
97,0,0.3115,1
97,1,0.0002,1
97,2,0.1194,1
97,3,0.1218,1
97,4,0.193,1
97,5,0.1183,1
97,6,0.0512,1
97,7,0.0845,1
98,0,0.2024,1
98,1,0.0822,1
98,2,0.0003,1
98,3,0.0592,1
98,4,0.3717,1
98,5,0.2835,1
98,6,0.0003,1
98,7,0.0003,1
99,0,0.2136,1
99,1,0.0532,1
99,2,0.0004,1
99,3,0.1369,1
99,4,0.4419,1
99,5,0.1533,1
99,6,0.0004,1
99,7,0.0004,1
100,0,0.2065,1
100,1,0.0003,1
100,2,0.0003,1
100,3,0.0003,1
100,4,0.5544,1
100,5,0.0725,1
100,6,0.1653,1
100,7,0.0003,1
101,0,0.1873,1
101,1,0.0003,1
101,2,0.0297,1
101,3,0.1385,1
101,4,0.1875,1
101,5,0.3604,1
101,6,0.0003,1
101,7,0.0961,1
102,0,0.6819,1
102,1,0.0271,1
102,2,0.1511,1
102,3,0.0002,2
102,4,0.0002,2
102,5,0.1389,2
102,6,0.0002,2
102,7,0.0002,2
103,0,0.2065,2
103,1,0.0003,2
103,2,0.0003,2
103,3,0.0003,2
103,4,0.5544,2
103,5,0.0725,2
103,6,0.1653,2
103,7,0.0003,2
104,0,0.3738,2
104,1,0.0004,2
104,2,0.0004,2
104,3,0.0004,2
104,4,0.3917,2
104,5,0.1285,2
104,6,0.0423,2
104,7,0.0625,2
105,0,0.4873,2
105,1,0.0006,2
105,2,0.2588,2
105,3,0.0628,2
105,4,0.0006,2
105,5,0.1886,2
105,6,0.0006,2
105,7,0.0006,2
106,0,0.1873,2
106,1,0.0003,2
106,2,0.0297,2
106,3,0.1385,2
106,4,0.1875,2
106,5,0.3604,2
106,6,0.0003,2
106,7,0.0961,2
107,0,0.4532,2
107,1,0.0003,2
107,2,0.0003,2
107,3,0.0409,2
107,4,0.0003,2
107,5,0.0003,2
107,6,0.0003,2
107,7,0.5041,2
108,0,0.6598,2
108,1,0.0006,2
108,2,0.0006,2
108,3,0.063,2
108,4,0.0957,2
108,5,0.179,3
108,6,0.0006,3
108,7,0.0006,3
109,0,0.4303,3
109,1,0.0003,3
109,2,0.0003,3
109,3,0.0308,3
109,4,0.4157,3
109,5,0.0721,3
109,6,0.0503,3
109,7,0.0003,3
110,0,0.6819,3
110,1,0.0271,3
110,2,0.1511,3
110,3,0.0002,3
110,4,0.0002,3
110,5,0.1389,3
110,6,0.0002,3
110,7,0.0002,3
111,0,0.4532,3
111,1,0.0003,3
111,2,0.0003,3
111,3,0.0409,3
111,4,0.0003,3
111,5,0.0003,3
111,6,0.0003,3
111,7,0.5041,3
112,0,0.8451,3
112,1,0.0005,3
112,2,0.0005,3
112,3,0.0524,3
112,4,0.0551,3
112,5,0.0456,3
112,6,0.0005,3
112,7,0.0005,3
113,0,0.0604,3
113,1,0.0004,3
113,2,0.4351,3
113,3,0.1847,3
113,4,0.2111,3
113,5,0.0004,3
113,6,0.0547,3
113,7,0.0532,3
114,0,0.9307,3
114,1,0.0003,3
114,2,0.0003,3
114,3,0.0003,3
114,4,0.0323,3
114,5,0.0003,3
114,6,0.0356,3
114,7,0.0003,3
115,0,0.4532,3
115,1,0.0003,3
115,2,0.0003,4
115,3,0.0409,4
115,4,0.0003,4
115,5,0.0003,4
115,6,0.0003,4
115,7,0.5041,4
116,0,0.8451,4
116,1,0.0005,4
116,2,0.0005,4
116,3,0.0524,4
116,4,0.0551,4
116,5,0.0456,4
116,6,0.0005,4
116,7,0.0005,4
117,0,0.3085,4
117,1,0.0691,4
117,2,0.0897,4
117,3,0.0002,4
117,4,0.2248,4
117,5,0.0446,4
117,6,0.2629,4
117,7,0.0002,4
118,0,0.7644,4
118,1,0.0006,4
118,2,0.0006,4
118,3,0.1188,4
118,4,0.0006,4
118,5,0.0006,4
118,6,0.0006,4
118,7,0.1139,4
119,0,0.8642,4
119,1,0.0003,4
119,2,0.0003,4
119,3,0.0003,4
119,4,0.0855,4
119,5,0.0003,4
119,6,0.0486,4
119,7,0.0003,4
120,0,0.13,4
120,1,0.001,4
120,2,0.001,4
120,3,0.1019,4
120,4,0.1142,4
120,5,0.1165,4
120,6,0.001,4
120,7,0.5344,4
121,0,0.5106,4
121,1,0.0005,4
121,2,0.0612,4
121,3,0.0005,4
121,4,0.0005,5
121,5,0.0589,5
121,6,0.3671,5
121,7,0.0005,5
122,0,0.2235,5
122,1,0.0004,5
122,2,0.0872,5
122,3,0.0004,5
122,4,0.2005,5
122,5,0.0004,5
122,6,0.4873,5
122,7,0.0004,5
123,0,0.6648,5
123,1,0.0008,5
123,2,0.0008,5
123,3,0.1778,5
123,4,0.0008,5
123,5,0.0008,5
123,6,0.0008,5
123,7,0.1537,5
124,0,0.0002,5
124,1,0.0002,5
124,2,0.0002,5
124,3,0.0455,5
124,4,0.8803,5
124,5,0.0729,5
124,6,0.0002,5
124,7,0.0002,5
125,0,0.7061,5
125,1,0.0007,5
125,2,0.0719,5
125,3,0.0007,5
125,4,0.0007,5
125,5,0.0762,5
125,6,0.1431,5
125,7,0.0007,5
126,0,0.0002,5
126,1,0.0002,5
126,2,0.0002,5
126,3,0.0455,5
126,4,0.8803,5
126,5,0.0729,5
126,6,0.0002,5
126,7,0.0002,5
127,0,0.5861,5
127,1,0.0002,5
127,2,0.0936,5
127,3,0.0889,6
127,4,0.0644,6
127,5,0.1663,6
127,6,0.0002,6
127,7,0.0002,6
128,0,0.2235,6
128,1,0.0004,6
128,2,0.0872,6
128,3,0.0004,6
128,4,0.2005,6
128,5,0.0004,6
128,6,0.4873,6
128,7,0.0004,6
129,0,0.4336,6
129,1,0.0004,6
129,2,0.1971,6
129,3,0.0004,6
129,4,0.1406,6
129,5,0.0004,6
129,6,0.041,6
129,7,0.1863,6
130,0,0.1605,6
130,1,0.1272,6
130,2,0.423,6
130,3,0.0002,6
130,4,0.1039,6
130,5,0.1632,6
130,6,0.0219,6
130,7,0.0002,6
131,0,0.8642,6
131,1,0.0003,6
131,2,0.0003,6
131,3,0.0003,6
131,4,0.0855,6
131,5,0.0003,6
131,6,0.0486,6
131,7,0.0003,6
132,0,0.0002,6
132,1,0.0002,6
132,2,0.0002,6
132,3,0.0455,6
132,4,0.8803,6
132,5,0.0729,6
132,6,0.0002,6
132,7,0.0002,6
133,0,0.1431,6
133,1,0.0282,6
133,2,0.7407,6
133,3,0.0002,6
133,4,0.0246,6
133,5,0.0384,6
133,6,0.0246,6
133,7,0.0002,6
134,0,0.1431,7
134,1,0.0282,7
134,2,0.7407,7
134,3,0.0002,7
134,4,0.0246,7
134,5,0.0384,7
134,6,0.0246,7
134,7,0.0002,7
135,0,0.0217,7
135,1,0.0001,7
135,2,0.0001,7
135,3,0.0214,7
135,4,0.272,7
135,5,0.5678,7
135,6,0.0875,7
135,7,0.0295,7
136,0,0.1431,7
136,1,0.0282,7
136,2,0.7407,7
136,3,0.0002,7
136,4,0.0246,7
136,5,0.0384,7
136,6,0.0246,7
136,7,0.0002,7
137,0,0.411,7
137,1,0.0186,7
137,2,0.0781,7
137,3,0.0001,7
137,4,0.2501,7
137,5,0.1294,7
137,6,0.1126,7
137,7,0.0001,7
138,0,0.1955,7
138,1,0.0001,7
138,2,0.0001,7
138,3,0.0001,7
138,4,0.0001,7
138,5,0.8037,7
138,6,0.0001,7
138,7,0.0001,7
139,0,0.564,7
139,1,0.0003,7
139,2,0.0003,7
139,3,0.0003,7
139,4,0.1524,7
139,5,0.1603,7
139,6,0.1223,7
139,7,0.0003,7
140,0,0.0002,7
140,1,0.0002,7
140,2,0.0002,7
140,3,0.0455,7
140,4,0.8803,7
140,5,0.0729,7
140,6,0.0002,7
140,7,0.0002,7
141,0,0.1791,7
141,1,0.0573,7
141,2,0.0002,7
141,3,0.1077,7
141,4,0.0002,7
141,5,0.1593,7
141,6,0.4959,7
141,7,0.0002,7
142,0,0.0217,7
142,1,0.0001,7
142,2,0.0001,7
142,3,0.0214,7
142,4,0.272,8
142,5,0.5678,8
142,6,0.0875,8
142,7,0.0295,8
143,0,0.1955,8
143,1,0.0001,8
143,2,0.0001,8
143,3,0.0001,8
143,4,0.0001,8
143,5,0.8037,8
143,6,0.0001,8
143,7,0.0001,8
144,0,0.0002,8
144,1,0.0002,8
144,2,0.0002,8
144,3,0.0455,8
144,4,0.8803,8
144,5,0.0729,8
144,6,0.0002,8
144,7,0.0002,8
145,0,0.33,8
145,1,0.0004,8
145,2,0.0582,8
145,3,0.1644,8
145,4,0.3316,8
145,5,0.1147,8
145,6,0.0004,8
145,7,0.0004,8
146,0,0.0435,8
146,1,0.0802,8
146,2,0.0003,8
146,3,0.121,8
146,4,0.0003,8
146,5,0.1867,8
146,6,0.5678,8
146,7,0.0003,8
147,0,0.33,8
147,1,0.0004,8
147,2,0.0582,8
147,3,0.1644,8
147,4,0.3316,8
147,5,0.1147,8
147,6,0.0004,8
147,7,0.0004,8
148,0,0.0002,8
148,1,0.0002,8
148,2,0.0002,8
148,3,0.0455,8
148,4,0.8803,8
148,5,0.0729,8
148,6,0.0002,8
148,7,0.0002,8
149,0,0.5559,8
149,1,0.0347,8
149,2,0.1692,8
149,3,0.0003,8
149,4,0.1304,8
149,5,0.0003,8
149,6,0.0003,8
149,7,0.1089,8
150,0,0.0435,8
150,1,0.0802,8
150,2,0.0003,8
150,3,0.121,9
150,4,0.0003,9
150,5,0.1867,9
150,6,0.5678,9
150,7,0.0003,9
151,0,0.2711,9
151,1,0.0344,9
151,2,0.0003,9
151,3,0.0003,9
151,4,0.0565,9
151,5,0.587,9
151,6,0.0502,9
151,7,0.0003,9
152,0,0.0002,9
152,1,0.0002,9
152,2,0.0002,9
152,3,0.0455,9
152,4,0.8803,9
152,5,0.0729,9
152,6,0.0002,9
152,7,0.0002,9
153,0,0.2928,9
153,1,0.0345,9
153,2,0.1981,9
153,3,0.0003,9
153,4,0.3686,9
153,5,0.0003,9
153,6,0.1053,9
153,7,0.0003,9
154,0,0.4161,9
154,1,0.0007,9
154,2,0.1388,0
154,3,0.0007,0
154,4,0.4418,0
154,5,0.0007,0
154,6,0.0007,0
154,7,0.0007,0
155,0,0.5559,0
155,1,0.0347,0
155,2,0.1692,0
155,3,0.0003,0
155,4,0.1304,0
155,5,0.0003,0
155,6,0.0003,0
155,7,0.1089,0
156,0,0.3956,0
156,1,0.0005,0
156,2,0.0005,0
156,3,0.0005,0
156,4,0.2078,0
156,5,0.3342,0
156,6,0.0604,0
156,7,0.0005,0
157,0,0.0003,0
157,1,0.0003,0
157,2,0.4253,0
157,3,0.1271,0
157,4,0.405,0
157,5,0.0003,0
157,6,0.0413,0
157,7,0.0003,0
158,0,0.4507,0
158,1,0.0514,0
158,2,0.1377,0
158,3,0.0004,0
158,4,0.0004,0
158,5,0.0004,0
158,6,0.3585,0
158,7,0.0004,0
159,0,0.243,0
159,1,0.0737,0
159,2,0.0003,0
159,3,0.0003,0
159,4,0.0413,0
159,5,0.5438,0
159,6,0.0973,0
159,7,0.0003,0
160,0,0.1078,0
160,1,0.046,0
160,2,0.1185,0
160,3,0.041,0
160,4,0.3986,0
160,5,0.2874,0
160,6,0.0003,0
160,7,0.0003,0
161,0,0.0003,0
161,1,0.0003,0
161,2,0.4253,0
161,3,0.1271,0
161,4,0.405,0
161,5,0.0003,0
161,6,0.0413,0
161,7,0.0003,0
162,0,0.4825,0
162,1,0.0004,0
162,2,0.0004,0
162,3,0.1545,0
162,4,0.0004,0
162,5,0.0566,1
162,6,0.1677,1
162,7,0.1375,1
163,0,0.4191,1
163,1,0.3022,1
163,2,0.0004,1
163,3,0.1055,1
163,4,0.0004,1
163,5,0.0004,1
163,6,0.1716,1
163,7,0.0004,1
164,0,0.046,1
164,1,0.1159,1
164,2,0.0001,1
164,3,0.0139,1
164,4,0.0695,1
164,5,0.714,1
164,6,0.0001,1
164,7,0.0407,1
165,0,0.0198,1
165,1,0.0001,1
165,2,0.0001,1
165,3,0.072,1
165,4,0.0001,1
165,5,0.8541,1
165,6,0.0419,1
165,7,0.0118,1
166,0,0.2932,1
166,1,0.0002,1
166,2,0.0002,1
166,3,0.1915,1
166,4,0.0853,1
166,5,0.1003,1
166,6,0.0002,1
166,7,0.3292,1
167,0,0.4825,1
167,1,0.0004,1
167,2,0.0004,1
167,3,0.1545,1
167,4,0.0004,1
167,5,0.0566,1
167,6,0.1677,1
167,7,0.1375,1
168,0,0.4886,1
168,1,0.0413,1
168,2,0.1226,1
168,3,0.0006,1
168,4,0.0006,1
168,5,0.3453,1
168,6,0.0006,1
168,7,0.0006,1
169,0,0.5656,1
169,1,0.2574,1
169,2,0.0004,1
169,3,0.0849,1
169,4,0.0004,1
169,5,0.0004,1
169,6,0.0906,1
169,7,0.0004,1
170,0,0.1078,1
170,1,0.046,1
170,2,0.1185,1
170,3,0.041,1
170,4,0.3986,1
170,5,0.2874,1
170,6,0.0003,1
170,7,0.0003,1
171,0,0.243,1
171,1,0.0737,1
171,2,0.0003,1
171,3,0.0003,1
171,4,0.0413,1
171,5,0.5438,1
171,6,0.0973,1
171,7,0.0003,1
172,0,0.3271,1
172,1,0.0002,1
172,2,0.0002,1
172,3,0.0708,1
172,4,0.3765,1
172,5,0.2247,1
172,6,0.0002,1
172,7,0.0002,1
173,0,0.4278,1
173,1,0.0719,1
173,2,0.0007,1
173,3,0.07,1
173,4,0.0007,1
173,5,0.4275,1
173,6,0.0007,1
173,7,0.0007,1
174,0,0.4191,1
174,1,0.3022,1
174,2,0.0004,1
174,3,0.1055,1
174,4,0.0004,1
174,5,0.0004,1
174,6,0.1716,1
174,7,0.0004,1
175,0,0.2387,1
175,1,0.0002,1
175,2,0.5496,1
175,3,0.1156,1
175,4,0.0002,1
175,5,0.0955,1
175,6,0.0002,1
175,7,0.0002,1
176,0,0.3271,1
176,1,0.0002,1
176,2,0.0002,1
176,3,0.0708,1
176,4,0.3765,1
176,5,0.2247,1
176,6,0.0002,1
176,7,0.0002,1
177,0,0.165,1
177,1,0.0003,1
177,2,0.0003,1
177,3,0.1215,1
177,4,0.4892,1
177,5,0.1824,1
177,6,0.0003,1
177,7,0.0408,1
178,0,0.4191,1
178,1,0.3022,1
178,2,0.0004,1
178,3,0.1055,1
178,4,0.0004,1
178,5,0.0004,1
178,6,0.1716,1
178,7,0.0004,1
179,0,0.2387,1
179,1,0.0002,1
179,2,0.5496,1
179,3,0.1156,1
179,4,0.0002,2
179,5,0.0955,2
179,6,0.0002,2
179,7,0.0002,2
180,0,0.165,2
180,1,0.0003,2
180,2,0.0003,2
180,3,0.1215,2
180,4,0.4892,2
180,5,0.1824,2
180,6,0.0003,2
180,7,0.0408,2
181,0,0.1072,2
181,1,0.0001,2
181,2,0.0176,2
181,3,0.0001,2
181,4,0.5353,2
181,5,0.2715,2
181,6,0.068,2
181,7,0.0001,2
182,0,0.4587,2
182,1,0.0001,2
182,2,0.0573,2
182,3,0.0374,2
182,4,0.0421,2
182,5,0.0423,2
182,6,0.3454,2
182,7,0.0166,2
183,0,0.2387,2
183,1,0.0002,2
183,2,0.5496,2
183,3,0.1156,2
183,4,0.0002,2
183,5,0.0955,2
183,6,0.0002,2
183,7,0.0002,2
184,0,0.6221,2
184,1,0.0003,2
184,2,0.1485,2
184,3,0.0003,2
184,4,0.1445,2
184,5,0.0396,2
184,6,0.0444,2
184,7,0.0003,2
185,0,0.1072,2
185,1,0.0001,2
185,2,0.0176,2
185,3,0.0001,2
185,4,0.5353,2
185,5,0.2715,2
185,6,0.068,3
185,7,0.0001,3
186,0,0.4692,3
186,1,0.0002,3
186,2,0.1151,3
186,3,0.0002,3
186,4,0.2419,3
186,5,0.0896,3
186,6,0.0591,3
186,7,0.0246,3
187,0,0.6221,3
187,1,0.0003,3
187,2,0.1485,3
187,3,0.0003,3
187,4,0.1445,3
187,5,0.0396,3
187,6,0.0444,3
187,7,0.0003,3
188,0,0.5037,3
188,1,0.0006,3
188,2,0.0631,3
188,3,0.0006,3
188,4,0.3646,3
188,5,0.0662,3
188,6,0.0006,3
188,7,0.0006,3
189,0,0.2713,3
189,1,0.0262,3
189,2,0.0878,3
189,3,0.1708,3
189,4,0.0861,3
189,5,0.1171,3
189,6,0.0002,3
189,7,0.2405,3
190,0,0.4692,3
190,1,0.0002,3
190,2,0.1151,3
190,3,0.0002,3
190,4,0.2419,3
190,5,0.0896,3
190,6,0.0591,3
190,7,0.0246,3
191,0,0.5148,3
191,1,0.036,3
191,2,0.0003,3
191,3,0.0003,3
191,4,0.291,3
191,5,0.1234,3
191,6,0.0338,3
191,7,0.0003,3
192,0,0.4587,3
192,1,0.0001,3
192,2,0.0573,3
192,3,0.0374,4
192,4,0.0421,4
192,5,0.0423,4
192,6,0.3454,4
192,7,0.0166,4
193,0,0.2713,4
193,1,0.0262,4
193,2,0.0878,4
193,3,0.1708,4
193,4,0.0861,4
193,5,0.1171,4
193,6,0.0002,4
193,7,0.2405,4
194,0,0.3542,4
194,1,0.0002,4
194,2,0.3881,4
194,3,0.0304,4
194,4,0.2264,4
194,5,0.0002,4
194,6,0.0002,4
194,7,0.0002,4
195,0,0.1788,4
195,1,0.0638,4
195,2,0.3003,4
195,3,0.1155,4
195,4,0.0366,4
195,5,0.1893,4
195,6,0.0002,4
195,7,0.1156,4
196,0,0.1072,4
196,1,0.0001,4
196,2,0.0176,4
196,3,0.0001,4
196,4,0.5353,4
196,5,0.2715,4
196,6,0.068,4
196,7,0.0001,4
197,0,0.5458,4
197,1,0.1247,4
197,2,0.1407,4
197,3,0.0455,4
197,4,0.0003,4
197,5,0.0428,4
197,6,0.0597,4
197,7,0.0405,4
198,0,0.3542,4
198,1,0.0002,4
198,2,0.3881,4
198,3,0.0304,4
198,4,0.2264,4
198,5,0.0002,5
198,6,0.0002,5
198,7,0.0002,5
199,0,0.5458,5
199,1,0.1247,5
199,2,0.1407,5
199,3,0.0455,5
199,4,0.0003,5
199,5,0.0428,5
199,6,0.0597,5
199,7,0.0405,5
200,0,0.3542,5
200,1,0.0002,5
200,2,0.3881,5
200,3,0.0304,5
200,4,0.2264,5
200,5,0.0002,5
200,6,0.0002,5
200,7,0.0002,5
201,0,0.1064,5
201,1,0.0002,5
201,2,0.0516,5
201,3,0.0565,5
201,4,0.2682,5
201,5,0.0315,5
201,6,0.4854,5
201,7,0.0002,5
202,0,0.416,5
202,1,0.1069,5
202,2,0.0003,5
202,3,0.0521,5
202,4,0.1074,5
202,5,0.063,5
202,6,0.1516,5
202,7,0.1028,5
203,0,0.6532,5
203,1,0.0003,5
203,2,0.0003,5
203,3,0.0732,5
203,4,0.0003,5
203,5,0.081,5
203,6,0.1179,5
203,7,0.0736,5
204,0,0.6387,5
204,1,0.0405,5
204,2,0.0932,5
204,3,0.0004,5
204,4,0.0004,6
204,5,0.1054,6
204,6,0.0004,6
204,7,0.1211,6
205,0,0.4654,6
205,1,0.0754,6
205,2,0.0003,6
205,3,0.1203,6
205,4,0.0003,6
205,5,0.0752,6
205,6,0.0858,6
205,7,0.1773,6
206,0,0.6526,6
206,1,0.0032,6
206,2,0.3279,6
206,3,0.0032,6
206,4,0.0032,6
206,5,0.0032,6
206,6,0.0032,6
206,7,0.0032,6
207,0,0.7623,6
207,1,0.0003,6
207,2,0.0003,6
207,3,0.0003,6
207,4,0.0659,6
207,5,0.0782,6
207,6,0.0444,6
207,7,0.0482,6
208,0,0.0002,6
208,1,0.2919,6
208,2,0.0002,6
208,3,0.1835,6
208,4,0.1073,6
208,5,0.2106,6
208,6,0.1062,6
208,7,0.1004,6
209,0,0.6148,6
209,1,0.0002,6
209,2,0.0002,6
209,3,0.0699,6
209,4,0.1084,6
209,5,0.1089,6
209,6,0.0002,6
209,7,0.0974,6
210,0,0.5084,6
210,1,0.0003,6
210,2,0.0316,6
210,3,0.3278,6
210,4,0.0003,6
210,5,0.0003,6
210,6,0.0613,6
210,7,0.0701,6
211,0,0.2462,6
211,1,0.0701,7
211,2,0.1332,7
211,3,0.2358,7
211,4,0.0002,7
211,5,0.0679,7
211,6,0.0582,7
211,7,0.1884,7
212,0,0.1999,7
212,1,0.0291,7
212,2,0.0286,7
212,3,0.5718,7
212,4,0.0003,7
212,5,0.0003,7
212,6,0.1441,7
212,7,0.026,7
213,0,0.9027,7
213,1,0.0649,7
213,2,0.0003,7
213,3,0.0003,7
213,4,0.0003,7
213,5,0.0003,7
213,6,0.0003,7
213,7,0.0309,7
214,0,0.6737,7
214,1,0.0003,7
214,2,0.0003,7
214,3,0.2146,7
214,4,0.0003,7
214,5,0.0003,7
214,6,0.0003,7
214,7,0.1101,7
215,0,0.3395,7
215,1,0.1104,7
215,2,0.0438,7
215,3,0.1254,7
215,4,0.1248,7
215,5,0.1234,7
215,6,0.0004,7
215,7,0.1322,7
216,0,0.6059,7
216,1,0.0373,7
216,2,0.0003,7
216,3,0.1949,7
216,4,0.1208,7
216,5,0.0003,7
216,6,0.0003,7
216,7,0.0402,7
217,0,0.6867,7
217,1,0.1122,7
217,2,0.001,7
217,3,0.001,7
217,4,0.001,7
217,5,0.1032,7
217,6,0.0939,7
217,7,0.001,7
218,0,0.7924,7
218,1,0.0711,7
218,2,0.0002,7
218,3,0.0441,7
218,4,0.0002,7
218,5,0.0586,7
218,6,0.0002,7
218,7,0.0332,7
219,0,0.063,7
219,1,0.0504,7
219,2,0.0146,7
219,3,0.3124,7
219,4,0.1906,7
219,5,0.1342,8
219,6,0.0864,8
219,7,0.1484,8
220,0,0.7613,8
220,1,0.0003,8
220,2,0.0445,8
220,3,0.0003,8
220,4,0.151,8
220,5,0.0003,8
220,6,0.0003,8
220,7,0.042,8
221,0,0.6027,8
221,1,0.0768,8
221,2,0.0002,8
221,3,0.2452,8
221,4,0.0002,8
221,5,0.0314,8
221,6,0.0433,8
221,7,0.0002,8
222,0,0.4747,8
222,1,0.0393,8
222,2,0.0004,8
222,3,0.2709,8
222,4,0.0487,8
222,5,0.0004,8
222,6,0.0004,8
222,7,0.1653,8
223,0,0.704,8
223,1,0.0001,8
223,2,0.0001,8
223,3,0.1045,8
223,4,0.0354,8
223,5,0.0001,8
223,6,0.0453,8
223,7,0.1104,8
224,0,0.5656,8
224,1,0.0437,8
224,2,0.0387,8
224,3,0.0546,8
224,4,0.0803,8
224,5,0.1739,8
224,6,0.0004,8
224,7,0.0428,8
225,0,0.1308,8
225,1,0.033,8
225,2,0.1003,8
225,3,0.1304,8
225,4,0.2131,8
225,5,0.0645,8
225,6,0.3276,8
225,7,0.0003,8
226,0,0.1695,8
226,1,0.0004,8
226,2,0.0001,8
226,3,0.0272,8
226,4,0.0001,8
226,5,0.1446,8
226,6,0.0578,8
226,7,0.6002,8
227,0,0.1556,8
227,1,0.0001,8
227,2,0.0001,8
227,3,0.0205,8
227,4,0.0001,9
227,5,0.1334,9
227,6,0.0001,9
227,7,0.6902,9
228,0,0.6103,9
228,1,0.0535,9
228,2,0.0705,9
228,3,0.0002,9
228,4,0.0002,9
228,5,0.1501,9
228,6,0.1148,9
228,7,0.0002,9
229,0,0.3831,9
229,1,0.1246,9
229,2,0.0002,9
229,3,0.1292,9
229,4,0.0443,9
229,5,0.129,9
229,6,0.0523,9
229,7,0.1374,9
230,0,0.5784,9
230,1,0.0187,9
230,2,0.0002,9
230,3,0.1648,9
230,4,0.076,9
230,5,0.1041,9
230,6,0.0188,9
230,7,0.039,9
231,0,0.3593,9
231,1,0.0916,9
231,2,0.0531,9
231,3,0.0924,0
231,4,0.0001,0
231,5,0.0319,0
231,6,0.3714,0
231,7,0.0001,0
232,0,0.4146,0
232,1,0.191,0
232,2,0.0002,0
232,3,0.2437,0
232,4,0.0692,0
232,5,0.0002,0
232,6,0.0002,0
232,7,0.0811,0
233,0,0.5604,0
233,1,0.0005,0
233,2,0.0962,0
233,3,0.2892,0
233,4,0.0005,0
233,5,0.0523,0
233,6,0.0005,0
233,7,0.0005,0
234,0,0.4279,0
234,1,0.1291,0
234,2,0.0221,0
234,3,0.1405,0
234,4,0.0822,0
234,5,0.0002,0
234,6,0.1031,0
234,7,0.0949,0
235,0,0.4044,0
235,1,0.1414,0
235,2,0.0002,0
235,3,0.0002,0
235,4,0.0172,0
235,5,0.143,0
235,6,0.0366,0
235,7,0.2571,0
236,0,0.7795,0
236,1,0.0004,0
236,2,0.0004,0
236,3,0.1369,0
236,4,0.0004,0
236,5,0.0004,0
236,6,0.0413,0
236,7,0.0408,0
237,0,0.4008,0
237,1,0.0637,0
237,2,0.0002,0
237,3,0.345,0
237,4,0.0002,0
237,5,0.0975,0
237,6,0.0002,0
237,7,0.0924,0
238,0,0.4247,0
238,1,0.0003,0
238,2,0.0003,0
238,3,0.3837,0
238,4,0.0724,0
238,5,0.1181,0
238,6,0.0003,0
238,7,0.0003,0
239,0,0.6766,0
239,1,0.0439,0
239,2,0.0003,0
239,3,0.0592,0
239,4,0.0003,0
239,5,0.0003,0
239,6,0.0003,1
239,7,0.2192,1
240,0,0.3909,1
240,1,0.0003,1
240,2,0.0766,1
240,3,0.0853,1
240,4,0.0598,1
240,5,0.2831,1
240,6,0.0003,1
240,7,0.1038,1
241,0,0.7499,1
241,1,0.097,1
241,2,0.0002,1
241,3,0.0002,1
241,4,0.0293,1
241,5,0.0141,1
241,6,0.1092,1
241,7,0.0002,1
242,0,0.7,1
242,1,0.0004,1
242,2,0.0475,1
242,3,0.1245,1
242,4,0.0004,1
242,5,0.0626,1
242,6,0.0004,1
242,7,0.0643,1
243,0,0.8593,1
243,1,0.0005,1
243,2,0.0005,1
243,3,0.0005,1
243,4,0.0398,1
243,5,0.0985,1
243,6,0.0005,1
243,7,0.0005,1
244,0,0.5239,1
244,1,0.0335,1
244,2,0.0002,1
244,3,0.0668,1
244,4,0.2016,1
244,5,0.0571,1
244,6,0.0948,1
244,7,0.0222,1
245,0,0.5484,1
245,1,0.0429,1
245,2,0.0353,1
245,3,0.0552,1
245,4,0.0948,1
245,5,0.0879,1
245,6,0.039,1
245,7,0.0965,1
246,0,0.4915,1
246,1,0.0005,1
246,2,0.0005,1
246,3,0.0538,1
246,4,0.1105,1
246,5,0.0005,1
246,6,0.3423,1
246,7,0.0005,1
247,0,0.557,1
247,1,0.0005,1
247,2,0.055,1
247,3,0.1339,1
247,4,0.0005,1
247,5,0.0005,1
247,6,0.252,1
247,7,0.0005,1
248,0,0.6742,1
248,1,0.0006,1
248,2,0.1368,1
248,3,0.1253,1
248,4,0.0613,1
248,5,0.0006,1
248,6,0.0006,1
248,7,0.0006,1
249,0,0.7992,1
249,1,0.0004,1
249,2,0.0004,1
249,3,0.0004,1
249,4,0.0801,1
249,5,0.0386,1
249,6,0.0807,1
249,7,0.0004,1
250,0,0.4886,1
250,1,0.0405,1
250,2,0.0827,1
250,3,0.2514,1
250,4,0.0581,1
250,5,0.038,1
250,6,0.0404,1
250,7,0.0002,1
251,0,0.558,1
251,1,0.0903,1
251,2,0.0003,1
251,3,0.0003,1
251,4,0.0003,1
251,5,0.1894,1
251,6,0.1262,1
251,7,0.0349,1
252,0,0.2601,1
252,1,0.6401,1
252,2,0.0,1
252,3,0.0,1
252,4,0.0,1
252,5,0.0996,1
252,6,0.0,1
252,7,0.0,1
253,0,0.1587,1
253,1,0.1724,1
253,2,0.0001,1
253,3,0.0367,1
253,4,0.1474,1
253,5,0.1647,1
253,6,0.1377,1
253,7,0.1822,1
254,0,0.1588,1
254,1,0.0001,1
254,2,0.0001,1
254,3,0.018,1
254,4,0.0001,1
254,5,0.0617,1
254,6,0.0001,1
254,7,0.7613,1
255,0,0.289,1
255,1,0.0493,1
255,2,0.0138,1
255,3,0.5439,1
255,4,0.1035,1
255,5,0.0001,1
255,6,0.0001,1
255,7,0.0001,1
256,0,0.2526,1
256,1,0.0001,1
256,2,0.0001,1
256,3,0.6659,1
256,4,0.0126,1
256,5,0.0177,2
256,6,0.0001,2
256,7,0.0508,2
257,0,0.0671,2
257,1,0.0001,2
257,2,0.0495,2
257,3,0.1859,2
257,4,0.0001,2
257,5,0.2071,2
257,6,0.0001,2
257,7,0.4901,2
258,0,0.1294,2
258,1,0.0342,2
258,2,0.0494,2
258,3,0.1939,2
258,4,0.036,2
258,5,0.2942,2
258,6,0.0209,2
258,7,0.2421,2
259,0,0.3043,2
259,1,0.0001,2
259,2,0.0972,2
259,3,0.3282,2
259,4,0.0577,2
259,5,0.0504,2
259,6,0.1252,2
259,7,0.0368,2
260,0,0.1507,2
260,1,0.0001,2
260,2,0.0001,2
260,3,0.1008,2
260,4,0.1357,2
260,5,0.14,2
260,6,0.4726,2
260,7,0.0001,2
261,0,0.4567,2
261,1,0.0407,2
261,2,0.0451,2
261,3,0.4568,2
261,4,0.0002,2
261,5,0.0002,2
261,6,0.0002,2
261,7,0.0002,2
262,0,0.0815,2
262,1,0.0003,2
262,2,0.0003,2
262,3,0.477,2
262,4,0.0003,2
262,5,0.0725,2
262,6,0.0361,2
262,7,0.3319,3
263,0,0.1741,3
263,1,0.0307,3
263,2,0.0001,3
263,3,0.3542,3
263,4,0.0001,3
263,5,0.0674,3
263,6,0.0001,3
263,7,0.3732,3
264,0,0.277,3
264,1,0.251,3
264,2,0.0002,3
264,3,0.0818,3
264,4,0.0208,3
264,5,0.2064,3
264,6,0.0724,3
264,7,0.0905,3
265,0,0.1744,3
265,1,0.1111,3
265,2,0.0002,3
265,3,0.4741,3
265,4,0.0002,3
265,5,0.0225,3
265,6,0.0002,3
265,7,0.2173,3
266,0,0.3636,3
266,1,0.0002,3
266,2,0.0593,3
266,3,0.4688,3
266,4,0.0787,3
266,5,0.0289,3
266,6,0.0002,3
266,7,0.0002,3
267,0,0.1588,3
267,1,0.0313,3
267,2,0.0001,3
267,3,0.0001,3
267,4,0.3174,3
267,5,0.4299,3
267,6,0.034,3
267,7,0.0283,3
268,0,0.3983,3
268,1,0.0003,3
268,2,0.0003,3
268,3,0.3148,3
268,4,0.0737,3
268,5,0.0827,3
268,6,0.0003,3
268,7,0.1296,3
269,0,0.1257,3
269,1,0.111,3
269,2,0.0002,3
269,3,0.1129,3
269,4,0.0421,4
269,5,0.1487,4
269,6,0.0002,4
269,7,0.4593,4
270,0,0.1263,4
270,1,0.0341,4
270,2,0.095,4
270,3,0.5855,4
270,4,0.0002,4
270,5,0.1585,4
270,6,0.0002,4
270,7,0.0002,4
271,0,0.293,4
271,1,0.0005,4
271,2,0.0005,4
271,3,0.5883,4
271,4,0.0619,4
271,5,0.0547,4
271,6,0.0005,4
271,7,0.0005,4
272,0,0.5847,4
272,1,0.0004,4
272,2,0.0004,4
272,3,0.4127,4
272,4,0.0004,4
272,5,0.0004,4
272,6,0.0004,4
272,7,0.0004,4
273,0,0.1837,4
273,1,0.2255,4
273,2,0.0001,4
273,3,0.1589,4
273,4,0.2303,4
273,5,0.1069,4
273,6,0.0001,4
273,7,0.0946,4
274,0,0.6004,4
274,1,0.0003,4
274,2,0.0003,4
274,3,0.3977,4
274,4,0.0003,4
274,5,0.0003,4
274,6,0.0003,4
274,7,0.0003,4
275,0,0.0001,4
275,1,0.9992,4
275,2,0.0001,4
275,3,0.0001,4
275,4,0.0001,4
275,5,0.0001,4
275,6,0.0001,5
275,7,0.0001,5
276,0,0.2146,5
276,1,0.1596,5
276,2,0.0046,5
276,3,0.1118,5
276,4,0.0001,5
276,5,0.1278,5
276,6,0.3814,5
276,7,0.0001,5
277,0,0.0001,5
277,1,0.1663,5
277,2,0.0001,5
277,3,0.1215,5
277,4,0.0001,5
277,5,0.1423,5
277,6,0.4671,5
277,7,0.1025,5
278,0,0.6879,5
278,1,0.043,5
278,2,0.0427,5
278,3,0.1384,5
278,4,0.0449,5
278,5,0.0004,5
278,6,0.0004,5
278,7,0.0422,5
279,0,0.3771,5
279,1,0.0003,5
279,2,0.0003,5
279,3,0.5392,5
279,4,0.0003,5
279,5,0.0493,5
279,6,0.033,5
279,7,0.0003,5
280,0,0.3561,5
280,1,0.2854,5
280,2,0.0002,5
280,3,0.2442,5
280,4,0.0805,5
280,5,0.0331,5
280,6,0.0002,5
280,7,0.0002,5
281,0,0.031,5
281,1,0.1718,5
281,2,0.0002,5
281,3,0.2434,5
281,4,0.0686,5
281,5,0.087,6
281,6,0.1313,6
281,7,0.2668,6
282,0,0.6653,6
282,1,0.0002,6
282,2,0.0575,6
282,3,0.1028,6
282,4,0.0716,6
282,5,0.0002,6
282,6,0.102,6
282,7,0.0002,6
283,0,0.4999,6
283,1,0.0862,6
283,2,0.1237,6
283,3,0.2887,6
283,4,0.0004,6
283,5,0.0004,6
283,6,0.0004,6
283,7,0.0004,6
284,0,0.6058,6
284,1,0.0002,6
284,2,0.0002,6
284,3,0.2035,6
284,4,0.0789,6
284,5,0.0887,6
284,6,0.0225,6
284,7,0.0002,6
285,0,0.7377,6
285,1,0.0326,6
285,2,0.0003,6
285,3,0.0772,6
285,4,0.0735,6
285,5,0.0003,6
285,6,0.0003,6
285,7,0.0783,6
286,0,0.1247,6
286,1,0.0001,6
286,2,0.0207,6
286,3,0.2703,6
286,4,0.0001,6
286,5,0.0525,6
286,6,0.1823,6
286,7,0.3493,6
287,0,0.2105,6
287,1,0.351,6
287,2,0.0107,6
287,3,0.1303,6
287,4,0.0737,6
287,5,0.0988,6
287,6,0.0755,6
287,7,0.0494,6
288,0,0.1152,6
288,1,0.0001,6
288,2,0.0001,7
288,3,0.078,7
288,4,0.0001,7
288,5,0.6011,7
288,6,0.2054,7
288,7,0.0001,7
289,0,0.3781,7
289,1,0.1231,7
289,2,0.1678,7
289,3,0.2564,7
289,4,0.0002,7
289,5,0.0002,7
289,6,0.0002,7
289,7,0.0739,7
290,0,0.6521,7
290,1,0.0005,7
290,2,0.1025,7
290,3,0.243,7
290,4,0.0005,7
290,5,0.0005,7
290,6,0.0005,7
290,7,0.0005,7
291,0,0.1179,7
291,1,0.0002,7
291,2,0.0002,7
291,3,0.2384,7
291,4,0.0267,7
291,5,0.201,7
291,6,0.0002,7
291,7,0.4154,7
292,0,0.544,7
292,1,0.0556,7
292,2,0.0003,7
292,3,0.0807,7
292,4,0.0704,7
292,5,0.0003,7
292,6,0.12,7
292,7,0.1287,7
293,0,0.5344,7
293,1,0.0001,7
293,2,0.0476,7
293,3,0.3722,7
293,4,0.0292,7
293,5,0.0162,7
293,6,0.0001,7
293,7,0.0001,7
294,0,0.2405,7
294,1,0.0001,7
294,2,0.0608,7
294,3,0.0757,7
294,4,0.4439,7
294,5,0.073,7
294,6,0.0001,7
294,7,0.1059,7
295,0,0.41,7
295,1,0.0507,7
295,2,0.0002,7
295,3,0.2901,7
295,4,0.0594,7
295,5,0.1635,7
295,6,0.0002,7
295,7,0.0259,7
296,0,0.0582,7
296,1,0.0001,7
296,2,0.0001,7
296,3,0.7385,7
296,4,0.0001,7
296,5,0.2027,7
296,6,0.0001,8
296,7,0.0001,8
297,0,0.0946,8
297,1,0.0846,8
297,2,0.0002,8
297,3,0.267,8
297,4,0.132,8
297,5,0.1252,8
297,6,0.0765,8
297,7,0.22,8
298,0,0.2235,8
298,1,0.0003,8
298,2,0.0003,8
298,3,0.5993,8
298,4,0.0305,8
298,5,0.0003,8
298,6,0.0273,8
298,7,0.1186,8
299,0,0.1701,8
299,1,0.0002,8
299,2,0.0002,8
299,3,0.3374,8
299,4,0.1092,8
299,5,0.0504,8
299,6,0.3322,8
299,7,0.0002,8
300,0,0.229,8
300,1,0.1857,8
300,2,0.0001,8
300,3,0.4117,8
300,4,0.032,8
300,5,0.1412,8
300,6,0.0001,8
300,7,0.0001,8
301,0,0.2342,8
301,1,0.2936,8
301,2,0.1625,8
301,3,0.0662,8
301,4,0.0001,8
301,5,0.1513,8
301,6,0.0413,8
301,7,0.0508,8
302,0,0.2744,8
302,1,0.0463,8
302,2,0.0001,8
302,3,0.3214,8
302,4,0.0001,8
302,5,0.3574,8
302,6,0.0001,8
302,7,0.0001,8
303,0,0.1701,8
303,1,0.0002,8
303,2,0.0002,8
303,3,0.3374,8
303,4,0.1092,8
303,5,0.0504,8
303,6,0.3322,8
303,7,0.0002,8
304,0,0.0001,8
304,1,0.0001,8
304,2,0.054,8
304,3,0.0001,8
304,4,0.0001,8
304,5,0.8119,9
304,6,0.0001,9
304,7,0.1338,9
305,0,0.1669,9
305,1,0.2482,9
305,2,0.1067,9
305,3,0.0835,9
305,4,0.0003,9
305,5,0.1737,9
305,6,0.2203,9
305,7,0.0003,9
306,0,0.3071,9
306,1,0.1237,9
306,2,0.0602,9
306,3,0.3786,9
306,4,0.0318,9
306,5,0.0002,9
306,6,0.0982,9
306,7,0.0002,9
307,0,0.2512,9
307,1,0.1113,9
307,2,0.1389,9
307,3,0.2732,9
307,4,0.0003,9
307,5,0.0003,9
307,6,0.0003,9
307,7,0.2245,9
308,0,0.1703,9
308,1,0.0756,9
308,2,0.0001,9
308,3,0.0354,9
308,4,0.2524,0
308,5,0.2271,0
308,6,0.2069,0
308,7,0.0322,0
309,0,0.0002,0
309,1,0.0506,0
309,2,0.0002,0
309,3,0.1372,0
309,4,0.1275,0
309,5,0.2403,0
309,6,0.228,0
309,7,0.2159,0
310,0,0.2156,0
310,1,0.0632,0
310,2,0.2099,0
310,3,0.062,0
310,4,0.0002,0
310,5,0.1444,0
310,6,0.3046,0
310,7,0.0002,0
311,0,0.8662,0
311,1,0.0006,0
311,2,0.13,0
311,3,0.0006,0
311,4,0.0006,0
311,5,0.0006,0
311,6,0.0006,0
311,7,0.0006,0
312,0,0.3738,0
312,1,0.1327,0
312,2,0.0391,0
312,3,0.18,0
312,4,0.0002,0
312,5,0.1392,0
312,6,0.0002,0
312,7,0.1347,0
313,0,0.4156,0
313,1,0.043,0
313,2,0.15,0
313,3,0.0001,0
313,4,0.0001,0
313,5,0.0518,0
313,6,0.3392,0
313,7,0.0001,0
314,0,0.2311,0
314,1,0.0001,0
314,2,0.0236,0
314,3,0.0605,0
314,4,0.4752,0
314,5,0.0001,0
314,6,0.0001,0
314,7,0.2092,0
315,0,0.2606,0
315,1,0.0003,0
315,2,0.2196,0
315,3,0.4357,0
315,4,0.0828,0
315,5,0.0003,0
315,6,0.0003,0
315,7,0.0003,0
316,0,0.2481,0
316,1,0.0001,0
316,2,0.0001,0
316,3,0.0856,0
316,4,0.0001,0
316,5,0.2133,0
316,6,0.3643,0
316,7,0.0882,1
317,0,0.3963,1
317,1,0.0005,1
317,2,0.0005,1
317,3,0.1145,1
317,4,0.119,1
317,5,0.0552,1
317,6,0.2598,1
317,7,0.0541,1
318,0,0.3832,1
318,1,0.0003,1
318,2,0.0003,1
318,3,0.0566,1
318,4,0.0972,1
318,5,0.1192,1
318,6,0.2613,1
318,7,0.082,1
319,0,0.7774,1
319,1,0.0003,1
319,2,0.0003,1
319,3,0.0543,1
319,4,0.0338,1
319,5,0.0533,1
319,6,0.0802,1
319,7,0.0003,1
320,0,0.9239,1
320,1,0.0003,1
320,2,0.0003,1
320,3,0.0378,1
320,4,0.0003,1
320,5,0.0003,1
320,6,0.0003,1
320,7,0.037,1
321,0,0.6075,1
321,1,0.0287,1
321,2,0.0001,1
321,3,0.059,1
321,4,0.1226,1
321,5,0.1106,1
321,6,0.0001,1
321,7,0.0713,1
322,0,0.3253,1
322,1,0.0001,1
322,2,0.0001,1
322,3,0.0001,1
322,4,0.1572,1
322,5,0.1392,1
322,6,0.2235,1
322,7,0.1544,1
323,0,0.4192,1
323,1,0.1037,1
323,2,0.1666,1
323,3,0.0003,1
323,4,0.0003,1
323,5,0.0003,1
323,6,0.3092,1
323,7,0.0003,1
324,0,0.4351,1
324,1,0.159,1
324,2,0.0002,1
324,3,0.1347,1
324,4,0.0778,1
324,5,0.1148,1
324,6,0.0002,1
324,7,0.0783,1
325,0,0.4466,1
325,1,0.0496,1
325,2,0.0002,1
325,3,0.1134,1
325,4,0.0918,1
325,5,0.0279,1
325,6,0.2703,1
325,7,0.0002,1
326,0,0.5164,1
326,1,0.036,1
326,2,0.0344,1
326,3,0.412,1
326,4,0.0003,1
326,5,0.0003,1
326,6,0.0003,1
326,7,0.0003,1
327,0,0.4195,1
327,1,0.0003,1
327,2,0.0003,1
327,3,0.182,1
327,4,0.1442,1
327,5,0.0003,1
327,6,0.2529,1
327,7,0.0003,1
328,0,0.6333,1
328,1,0.0002,1
328,2,0.0519,1
328,3,0.0927,1
328,4,0.0478,1
328,5,0.0486,1
328,6,0.0002,1
328,7,0.1254,1
329,0,0.3109,1
329,1,0.0399,1
329,2,0.0707,1
329,3,0.0001,1
329,4,0.0663,1
329,5,0.098,1
329,6,0.4139,1
329,7,0.0001,1
330,0,0.6987,1
330,1,0.1711,1
330,2,0.0005,1
330,3,0.0005,1
330,4,0.0005,1
330,5,0.0005,1
330,6,0.1277,1
330,7,0.0005,1
331,0,0.3582,1
331,1,0.0001,1
331,2,0.1286,1
331,3,0.0269,1
331,4,0.0001,1
331,5,0.4859,1
331,6,0.0001,1
331,7,0.0001,1
332,0,0.3767,1
332,1,0.0002,1
332,2,0.0526,1
332,3,0.0299,1
332,4,0.0002,1
332,5,0.0002,1
332,6,0.5401,1
332,7,0.0002,1
333,0,0.4887,1
333,1,0.037,1
333,2,0.124,1
333,3,0.172,1
333,4,0.0002,1
333,5,0.0714,1
333,6,0.0791,2
333,7,0.0275,2
334,0,0.6824,2
334,1,0.0006,2
334,2,0.0006,2
334,3,0.0747,2
334,4,0.0006,2
334,5,0.0596,2
334,6,0.0623,2
334,7,0.1192,2
335,0,0.5589,2
335,1,0.0001,2
335,2,0.1253,2
335,3,0.0001,2
335,4,0.0001,2
335,5,0.252,2
335,6,0.0636,2
335,7,0.0001,2
336,0,0.2268,2
336,1,0.0672,2
336,2,0.1533,2
336,3,0.0002,2
336,4,0.2303,2
336,5,0.1868,2
336,6,0.0817,2
336,7,0.0538,2
337,0,0.1039,2
337,1,0.0001,2
337,2,0.0306,2
337,3,0.0001,2
337,4,0.2109,2
337,5,0.6542,2
337,6,0.0001,2
337,7,0.0001,2
338,0,0.4508,2
338,1,0.0002,2
338,2,0.0002,2
338,3,0.3425,2
338,4,0.1261,2
338,5,0.0233,2
338,6,0.0567,2
338,7,0.0002,2
339,0,0.3685,2
339,1,0.0004,2
339,2,0.0836,2
339,3,0.113,2
339,4,0.0004,2
339,5,0.0694,2
339,6,0.0887,2
339,7,0.276,2
340,0,0.3837,3
340,1,0.0315,3
340,2,0.0002,3
340,3,0.1223,3
340,4,0.0002,3
340,5,0.0705,3
340,6,0.1229,3
340,7,0.2687,3
341,0,0.5251,3
341,1,0.0002,3
341,2,0.0002,3
341,3,0.395,3
341,4,0.0002,3
341,5,0.0002,3
341,6,0.0002,3
341,7,0.079,3
342,0,0.2755,3
342,1,0.0004,3
342,2,0.21,3
342,3,0.0004,3
342,4,0.0004,3
342,5,0.0004,3
342,6,0.4748,3
342,7,0.0382,3
343,0,0.6643,3
343,1,0.0002,3
343,2,0.0148,3
343,3,0.0942,3
343,4,0.1005,3
343,5,0.1256,3
343,6,0.0002,3
343,7,0.0002,3
344,0,0.3136,3
344,1,0.0485,3
344,2,0.0003,3
344,3,0.0401,3
344,4,0.0524,3
344,5,0.0003,3
344,6,0.5445,3
344,7,0.0003,3
345,0,0.4376,3
345,1,0.1241,3
345,2,0.0433,3
345,3,0.3574,3
345,4,0.0368,3
345,5,0.0002,3
345,6,0.0002,3
345,7,0.0002,3
346,0,0.8261,3
346,1,0.0002,3
346,2,0.0002,3
346,3,0.042,3
346,4,0.0297,3
346,5,0.0616,4
346,6,0.0002,4
346,7,0.04,4
347,0,0.5382,4
347,1,0.0634,4
347,2,0.1352,4
347,3,0.0006,4
347,4,0.0006,4
347,5,0.0006,4
347,6,0.2607,4
347,7,0.0006,4
348,0,0.6667,4
348,1,0.0002,4
348,2,0.0002,4
348,3,0.0002,4
348,4,0.0161,4
348,5,0.1344,4
348,6,0.0629,4
348,7,0.1192,4
349,0,0.658,4
349,1,0.0007,4
349,2,0.0712,4
349,3,0.0007,4
349,4,0.0007,4
349,5,0.0811,4
349,6,0.0007,4
349,7,0.187,4
350,0,0.4779,4
350,1,0.0002,4
350,2,0.0428,4
350,3,0.1414,4
350,4,0.2524,4
350,5,0.0267,4
350,6,0.0295,4
350,7,0.029,4
351,0,0.3271,4
351,1,0.0004,4
351,2,0.1075,4
351,3,0.2413,4
351,4,0.0684,4
351,5,0.2028,4
351,6,0.052,4
351,7,0.0004,4
352,0,0.4713,4
352,1,0.0008,4
352,2,0.0008,4
352,3,0.0008,4
352,4,0.0008,4
352,5,0.0008,4
352,6,0.5238,4
352,7,0.0008,5
353,0,0.2252,5
353,1,0.0592,5
353,2,0.0566,5
353,3,0.1673,5
353,4,0.0006,5
353,5,0.4344,5
353,6,0.0006,5
353,7,0.0561,5
354,0,0.3286,5
354,1,0.0003,5
354,2,0.0514,5
354,3,0.1738,5
354,4,0.0732,5
354,5,0.0987,5
354,6,0.2398,5
354,7,0.0343,5
355,0,0.1891,5
355,1,0.3224,5
355,2,0.0002,5
355,3,0.2297,5
355,4,0.0698,5
355,5,0.0908,5
355,6,0.0002,5
355,7,0.0977,5
356,0,0.0822,5
356,1,0.5885,5
356,2,0.0003,5
356,3,0.0003,5
356,4,0.043,5
356,5,0.0665,5
356,6,0.0003,5
356,7,0.219,5
357,0,0.1828,5
357,1,0.035,5
357,2,0.1007,5
357,3,0.5401,5
357,4,0.0002,5
357,5,0.0662,5
357,6,0.0371,5
357,7,0.0379,5
358,0,0.0665,5
358,1,0.3593,5
358,2,0.254,5
358,3,0.1479,5
358,4,0.0002,5
358,5,0.0002,5
358,6,0.0002,6
358,7,0.1716,6
359,0,0.2785,6
359,1,0.2476,6
359,2,0.0887,6
359,3,0.0643,6
359,4,0.0536,6
359,5,0.2043,6
359,6,0.0628,6
359,7,0.0002,6
360,0,0.4507,6
360,1,0.0009,6
360,2,0.0009,6
360,3,0.1962,6
360,4,0.0009,6
360,5,0.2583,6
360,6,0.0912,6
360,7,0.0009,6
361,0,0.6666,6
361,1,0.2543,6
361,2,0.0001,6
361,3,0.0498,6
361,4,0.0001,6
361,5,0.0001,6
361,6,0.0287,6
361,7,0.0001,6
362,0,0.4694,6
362,1,0.001,6
362,2,0.1037,6
362,3,0.001,6
362,4,0.001,6
362,5,0.001,6
362,6,0.4219,6
362,7,0.001,6
363,0,0.4818,6
363,1,0.3542,6
363,2,0.0001,6
363,3,0.0001,6
363,4,0.16,6
363,5,0.0036,6
363,6,0.0001,6
363,7,0.0001,6
364,0,0.0591,6
364,1,0.7854,6
364,2,0.0005,6
364,3,0.0785,6
364,4,0.0005,6
364,5,0.0005,6
364,6,0.0005,6
364,7,0.0751,6
365,0,0.7293,6
365,1,0.0003,6
365,2,0.0367,6
365,3,0.1344,7
365,4,0.0321,7
365,5,0.0003,7
365,6,0.0363,7
365,7,0.0305,7
366,0,0.366,7
366,1,0.0702,7
366,2,0.0544,7
366,3,0.1381,7
366,4,0.066,7
366,5,0.0002,7
366,6,0.1458,7
366,7,0.1593,7
367,0,0.7214,7
367,1,0.0505,7
367,2,0.051,7
367,3,0.0645,7
367,4,0.0002,7
367,5,0.112,7
367,6,0.0002,7
367,7,0.0002,7
368,0,0.1865,7
368,1,0.0002,7
368,2,0.0645,7
368,3,0.3013,7
368,4,0.2471,7
368,5,0.0542,7
368,6,0.0969,7
368,7,0.0494,7
369,0,0.8474,7
369,1,0.0007,7
369,2,0.0007,7
369,3,0.0007,7
369,4,0.0007,7
369,5,0.1486,7
369,6,0.0007,7
369,7,0.0007,7
370,0,0.6635,7
370,1,0.1633,7
370,2,0.0002,7
370,3,0.0002,7
370,4,0.1382,7
370,5,0.0002,7
370,6,0.0343,7
370,7,0.0002,7
371,0,0.3799,7
371,1,0.0006,7
371,2,0.0006,7
371,3,0.144,7
371,4,0.135,7
371,5,0.2526,7
371,6,0.0867,7
371,7,0.0006,7
372,0,0.7946,7
372,1,0.1002,7
372,2,0.001,7
372,3,0.001,7
372,4,0.001,7
372,5,0.001,7
372,6,0.001,7
372,7,0.1002,7
373,0,0.413,7
373,1,0.2659,7
373,2,0.0002,7
373,3,0.0378,7
373,4,0.0417,7
373,5,0.0002,7
373,6,0.0002,7
373,7,0.2411,8
374,0,0.6075,8
374,1,0.0661,8
374,2,0.0532,8
374,3,0.1435,8
374,4,0.0557,8
374,5,0.0002,8
374,6,0.0736,8
374,7,0.0002,8
375,0,0.6031,8
375,1,0.1817,8
375,2,0.0003,8
375,3,0.0455,8
375,4,0.0757,8
375,5,0.044,8
375,6,0.0495,8
375,7,0.0003,8
376,0,0.676,8
376,1,0.1615,8
376,2,0.0002,8
376,3,0.0002,8
376,4,0.0271,8
376,5,0.0324,8
376,6,0.0002,8
376,7,0.1025,8
377,0,0.0001,8
377,1,0.0001,8
377,2,0.9838,8
377,3,0.0001,8
377,4,0.0001,8
377,5,0.0158,8
377,6,0.0001,8
377,7,0.0001,8
378,0,0.5886,8
378,1,0.1022,8
378,2,0.0004,8
378,3,0.0004,8
378,4,0.1042,8
378,5,0.2033,8
378,6,0.0004,8
378,7,0.0004,8
379,0,0.5245,8
379,1,0.0257,8
379,2,0.0002,8
379,3,0.0002,8
379,4,0.0813,8
379,5,0.2156,8
379,6,0.1523,8
379,7,0.0002,8
380,0,0.7672,8
380,1,0.0241,8
380,2,0.0465,8
380,3,0.1369,8
380,4,0.0002,8
380,5,0.0247,8
380,6,0.0002,8
380,7,0.0002,8
381,0,0.3374,8
381,1,0.2138,8
381,2,0.0002,8
381,3,0.1582,8
381,4,0.0002,8
381,5,0.0002,8
381,6,0.0002,9
381,7,0.2897,9
382,0,0.1915,9
382,1,0.0001,9
382,2,0.0001,9
382,3,0.7574,9
382,4,0.0001,9
382,5,0.0505,9
382,6,0.0001,9
382,7,0.0001,9
383,0,0.818,9
383,1,0.0004,9
383,2,0.0004,9
383,3,0.0004,9
383,4,0.1796,9
383,5,0.0004,9
383,6,0.0004,9
383,7,0.0004,9
384,0,0.0001,9
384,1,0.0001,9
384,2,0.0001,9
384,3,0.9993,9
384,4,0.0001,9
384,5,0.0001,9
384,6,0.0001,9
384,7,0.0001,9
385,0,0.5622,9
385,1,0.1681,9
385,2,0.0002,9
385,3,0.0002,9
385,4,0.1716,9
385,5,0.0002,0
385,6,0.0532,0
385,7,0.0444,0
386,0,0.2233,0
386,1,0.0798,0
386,2,0.0998,0
386,3,0.0005,0
386,4,0.1673,0
386,5,0.1497,0
386,6,0.0005,0
386,7,0.2793,0
387,0,0.2474,0
387,1,0.0003,0
387,2,0.2052,0
387,3,0.0003,0
387,4,0.0003,0
387,5,0.2275,0
387,6,0.1051,0
387,7,0.2139,0
388,0,0.4998,0
388,1,0.0002,0
388,2,0.102,0
388,3,0.2462,0
388,4,0.0002,0
388,5,0.054,0
388,6,0.0002,0
388,7,0.0972,0
389,0,0.0001,0
389,1,0.978,0
389,2,0.0001,0
389,3,0.0001,0
389,4,0.0001,0
389,5,0.0215,0
389,6,0.0001,0
389,7,0.0001,0
390,0,0.0001,0
390,1,0.0001,0
390,2,0.9838,0
390,3,0.0001,0
390,4,0.0001,0
390,5,0.0158,0
390,6,0.0001,0
390,7,0.0001,0
391,0,0.6282,0
391,1,0.0003,0
391,2,0.1065,0
391,3,0.0003,0
391,4,0.0003,0
391,5,0.0927,0
391,6,0.1714,0
391,7,0.0003,0
392,0,0.7203,0
392,1,0.0004,0
392,2,0.0004,0
392,3,0.0004,0
392,4,0.0004,0
392,5,0.0004,0
392,6,0.0848,0
392,7,0.1931,0
393,0,0.3392,0
393,1,0.2404,0
393,2,0.0003,0
393,3,0.4189,0
393,4,0.0003,0
393,5,0.0003,0
393,6,0.0003,0
393,7,0.0003,0
394,0,0.3397,1
394,1,0.2259,1
394,2,0.1038,1
394,3,0.0004,1
394,4,0.0004,1
394,5,0.0692,1
394,6,0.0604,1
394,7,0.2002,1
395,0,0.2107,1
395,1,0.0003,1
395,2,0.267,1
395,3,0.2288,1
395,4,0.0003,1
395,5,0.0003,1
395,6,0.2923,1
395,7,0.0003,1
396,0,0.7877,1
396,1,0.0966,1
396,2,0.0002,1
396,3,0.0002,1
396,4,0.0285,1
396,5,0.0742,1
396,6,0.0123,1
396,7,0.0002,1
397,0,0.2341,1
397,1,0.0365,1
397,2,0.0838,1
397,3,0.0261,1
397,4,0.0473,1
397,5,0.1926,1
397,6,0.3499,1
397,7,0.0295,1
398,0,0.2326,1
398,1,0.0001,1
398,2,0.0001,1
398,3,0.7195,1
398,4,0.0001,1
398,5,0.0473,1
398,6,0.0001,1
398,7,0.0001,1
399,0,0.7949,1
399,1,0.0016,1
399,2,0.1952,1
399,3,0.0016,1
399,4,0.0016,1
399,5,0.0016,1
399,6,0.0016,1
399,7,0.0016,1
400,0,0.0001,1
400,1,0.0001,1
400,2,0.0001,1
400,3,0.0428,1
400,4,0.0799,1
400,5,0.8766,1
400,6,0.0001,1
400,7,0.0001,1
401,0,0.0001,1
401,1,0.0001,1
401,2,0.0001,1
401,3,0.981,1
401,4,0.0001,1
401,5,0.0184,1
401,6,0.0001,1
401,7,0.0001,1
402,0,0.0001,1
402,1,0.2841,1
402,2,0.0696,1
402,3,0.0555,1
402,4,0.0001,1
402,5,0.0855,1
402,6,0.0001,1
402,7,0.5051,1
403,0,0.1699,1
403,1,0.1415,1
403,2,0.0003,1
403,3,0.0003,1
403,4,0.0003,1
403,5,0.0003,1
403,6,0.5141,1
403,7,0.1734,1
404,0,0.0003,1
404,1,0.1048,1
404,2,0.0003,1
404,3,0.0811,1
404,4,0.1257,1
404,5,0.6165,1
404,6,0.0003,1
404,7,0.0711,1
405,0,0.7031,1
405,1,0.0002,1
405,2,0.0002,1
405,3,0.0002,1
405,4,0.0292,1
405,5,0.0002,1
405,6,0.0002,1
405,7,0.2669,1
406,0,0.444,1
406,1,0.0004,1
406,2,0.0004,1
406,3,0.0004,1
406,4,0.0004,1
406,5,0.0574,1
406,6,0.4966,1
406,7,0.0004,1
407,0,0.0628,1
407,1,0.0003,1
407,2,0.0003,1
407,3,0.2194,1
407,4,0.0949,1
407,5,0.1741,1
407,6,0.2776,1
407,7,0.1706,1
408,0,0.1361,1
408,1,0.0001,1
408,2,0.278,1
408,3,0.0001,1
408,4,0.0222,1
408,5,0.0621,1
408,6,0.1293,1
408,7,0.372,1
409,0,0.3932,1
409,1,0.0002,1
409,2,0.0002,1
409,3,0.0002,1
409,4,0.0217,1
409,5,0.1327,1
409,6,0.4516,1
409,7,0.0002,1
410,0,0.3529,1
410,1,0.0003,1
410,2,0.0003,1
410,3,0.2029,1
410,4,0.0003,1
410,5,0.0003,1
410,6,0.1886,1
410,7,0.2543,2
411,0,0.0683,2
411,1,0.2811,2
411,2,0.0002,2
411,3,0.0896,2
411,4,0.0002,2
411,5,0.0002,2
411,6,0.0002,2
411,7,0.5602,2
412,0,0.2489,2
412,1,0.0002,2
412,2,0.0002,2
412,3,0.0002,2
412,4,0.0002,2
412,5,0.2571,2
412,6,0.4599,2
412,7,0.0333,2
413,0,0.1905,2
413,1,0.0002,2
413,2,0.0002,2
413,3,0.0002,2
413,4,0.1471,2
413,5,0.0758,2
413,6,0.5857,2
413,7,0.0002,2
414,0,0.3161,2
414,1,0.0002,2
414,2,0.1068,2
414,3,0.0002,2
414,4,0.0002,2
414,5,0.1597,2
414,6,0.4167,2
414,7,0.0002,2
415,0,0.6359,2
415,1,0.0003,2
415,2,0.0003,2
415,3,0.0003,2
415,4,0.0305,2
415,5,0.0003,2
415,6,0.3323,2
415,7,0.0003,2
416,0,0.435,2
416,1,0.0003,2
416,2,0.0807,2
416,3,0.0572,2
416,4,0.0003,2
416,5,0.3366,2
416,6,0.0003,2
416,7,0.0897,2
417,0,0.5815,2
417,1,0.0002,3
417,2,0.3372,3
417,3,0.0002,3
417,4,0.0801,3
417,5,0.0002,3
417,6,0.0002,3
417,7,0.0002,3
418,0,0.5226,3
418,1,0.0002,3
418,2,0.0002,3
418,3,0.0002,3
418,4,0.0002,3
418,5,0.1552,3
418,6,0.0002,3
418,7,0.321,3
419,0,0.5748,3
419,1,0.0002,3
419,2,0.0002,3
419,3,0.0002,3
419,4,0.0002,3
419,5,0.162,3
419,6,0.0002,3
419,7,0.2619,3
420,0,0.3904,3
420,1,0.0938,3
420,2,0.0002,3
420,3,0.0002,3
420,4,0.0002,3
420,5,0.0002,3
420,6,0.5148,3
420,7,0.0002,3
421,0,0.5953,3
421,1,0.0003,3
421,2,0.1794,3
421,3,0.0003,3
421,4,0.0003,3
421,5,0.0003,3
421,6,0.1098,3
421,7,0.1144,3
422,0,0.7477,3
422,1,0.0002,3
422,2,0.0002,3
422,3,0.0002,3
422,4,0.0002,3
422,5,0.1823,3
422,6,0.0691,3
422,7,0.0002,3
423,0,0.0003,3
423,1,0.0003,3
423,2,0.0003,3
423,3,0.134,3
423,4,0.0003,3
423,5,0.0003,3
423,6,0.1817,4
423,7,0.6829,4
424,0,0.1911,4
424,1,0.185,4
424,2,0.063,4
424,3,0.0003,4
424,4,0.0003,4
424,5,0.2965,4
424,6,0.1659,4
424,7,0.098,4
425,0,0.0002,4
425,1,0.0002,4
425,2,0.0002,4
425,3,0.0726,4
425,4,0.0002,4
425,5,0.3811,4
425,6,0.0002,4
425,7,0.5453,4
426,0,0.5011,4
426,1,0.0002,4
426,2,0.1208,4
426,3,0.0002,4
426,4,0.0002,4
426,5,0.0002,4
426,6,0.377,4
426,7,0.0002,4
427,0,0.5762,4
427,1,0.079,4
427,2,0.0593,4
427,3,0.0003,4
427,4,0.0003,4
427,5,0.0003,4
427,6,0.2845,4
427,7,0.0003,4
428,0,0.235,4
428,1,0.4647,4
428,2,0.0002,4
428,3,0.0002,4
428,4,0.1902,4
428,5,0.1092,4
428,6,0.0002,4
428,7,0.0002,4
429,0,0.5252,4
429,1,0.0004,4
429,2,0.0587,4
429,3,0.0004,4
429,4,0.1263,4
429,5,0.0864,4
429,6,0.2022,4
429,7,0.0004,4
430,0,0.2308,5
430,1,0.0692,5
430,2,0.0003,5
430,3,0.0003,5
430,4,0.0681,5
430,5,0.3123,5
430,6,0.0003,5
430,7,0.3188,5
431,0,0.8676,5
431,1,0.0004,5
431,2,0.0398,5
431,3,0.0004,5
431,4,0.0004,5
431,5,0.0908,5
431,6,0.0004,5
431,7,0.0004,5
432,0,0.681,5
432,1,0.0002,5
432,2,0.0002,5
432,3,0.06,5
432,4,0.0002,5
432,5,0.0409,5
432,6,0.179,5
432,7,0.0386,5
433,0,0.0711,5
433,1,0.0002,5
433,2,0.0002,5
433,3,0.0002,5
433,4,0.0002,5
433,5,0.0993,5
433,6,0.3934,5
433,7,0.4353,5
434,0,0.8865,5
434,1,0.1092,5
434,2,0.0007,5
434,3,0.0007,5
434,4,0.0007,5
434,5,0.0007,5
434,6,0.0007,5
434,7,0.0007,5
435,0,0.8882,5
435,1,0.0002,5
435,2,0.0002,5
435,3,0.0002,5
435,4,0.1104,5
435,5,0.0002,5
435,6,0.0002,5
435,7,0.0002,6
436,0,0.2479,6
436,1,0.137,6
436,2,0.0115,6
436,3,0.1049,6
436,4,0.0001,6
436,5,0.213,6
436,6,0.2224,6
436,7,0.0631,6
437,0,0.2508,6
437,1,0.0514,6
437,2,0.0003,6
437,3,0.5442,6
437,4,0.0638,6
437,5,0.0488,6
437,6,0.0404,6
437,7,0.0003,6
438,0,0.201,6
438,1,0.0003,6
438,2,0.0003,6
438,3,0.0003,6
438,4,0.1566,6
438,5,0.1331,6
438,6,0.3333,6
438,7,0.1751,6
439,0,0.356,6
439,1,0.1346,6
439,2,0.0003,6
439,3,0.0931,6
439,4,0.0003,6
439,5,0.1984,6
439,6,0.2169,6
439,7,0.0003,6
440,0,0.46,6
440,1,0.0003,6
440,2,0.0003,6
440,3,0.2072,6
440,4,0.0003,6
440,5,0.2245,6
440,6,0.0003,6
440,7,0.107,6
441,0,0.1852,6
441,1,0.2967,6
441,2,0.2122,6
441,3,0.0001,6
441,4,0.0001,6
441,5,0.0536,6
441,6,0.0001,6
441,7,0.252,6
442,0,0.359,6
442,1,0.2091,6
442,2,0.0002,6
442,3,0.0002,6
442,4,0.0002,7
442,5,0.0002,7
442,6,0.223,7
442,7,0.208,7
443,0,0.3278,7
443,1,0.0002,7
443,2,0.0002,7
443,3,0.3493,7
443,4,0.0002,7
443,5,0.1474,7
443,6,0.1746,7
443,7,0.0002,7
444,0,0.2096,7
444,1,0.0003,7
444,2,0.0003,7
444,3,0.2272,7
444,4,0.0003,7
444,5,0.0003,7
444,6,0.0003,7
444,7,0.5619,7
445,0,0.8401,7
445,1,0.0005,7
445,2,0.0005,7
445,3,0.1572,7
445,4,0.0005,7
445,5,0.0005,7
445,6,0.0005,7
445,7,0.0005,7
446,0,0.4985,7
446,1,0.0006,7
446,2,0.0006,7
446,3,0.0646,7
446,4,0.0006,7
446,5,0.0006,7
446,6,0.4341,7
446,7,0.0006,7
447,0,0.5367,7
447,1,0.0003,7
447,2,0.0003,7
447,3,0.0003,7
447,4,0.0003,7
447,5,0.0003,7
447,6,0.4006,7
447,7,0.0611,7
448,0,0.8792,7
448,1,0.0004,7
448,2,0.0004,7
448,3,0.0004,7
448,4,0.0004,7
448,5,0.0004,7
448,6,0.1187,7
448,7,0.0004,7
449,0,0.861,7
449,1,0.0003,7
449,2,0.0003,7
449,3,0.0003,7
449,4,0.1373,7
449,5,0.0003,7
449,6,0.0003,7
449,7,0.0003,7
450,0,0.8336,7
450,1,0.0002,7
450,2,0.0002,7
450,3,0.0002,7
450,4,0.0704,7
450,5,0.0002,7
450,6,0.002,7
450,7,0.093,7
451,0,0.8213,8
451,1,0.0006,8
451,2,0.0006,8
451,3,0.0006,8
451,4,0.0006,8
451,5,0.1174,8
451,6,0.0585,8
451,7,0.0006,8
452,0,0.1648,8
452,1,0.3885,8
452,2,0.0003,8
452,3,0.3907,8
452,4,0.0003,8
452,5,0.055,8
452,6,0.0003,8
452,7,0.0003,8
453,0,0.6758,8
453,1,0.0736,8
453,2,0.0004,8
453,3,0.0004,8
453,4,0.2008,8
453,5,0.0004,8
453,6,0.0004,8
453,7,0.0484,8
454,0,0.1578,8
454,1,0.0001,8
454,2,0.0001,8
454,3,0.0422,8
454,4,0.0001,8
454,5,0.0919,8
454,6,0.0001,8
454,7,0.7075,8
455,0,0.0002,8
455,1,0.771,8
455,2,0.0002,8
455,3,0.2276,8
455,4,0.0002,8
455,5,0.0002,8
455,6,0.0002,8
455,7,0.0002,8
456,0,0.0004,8
456,1,0.0004,8
456,2,0.0004,8
456,3,0.7686,8
456,4,0.0004,8
456,5,0.0004,8
456,6,0.0004,8
456,7,0.229,8
457,0,0.0017,8
457,1,0.3326,8
457,2,0.0001,8
457,3,0.0001,8
457,4,0.0001,8
457,5,0.0001,8
457,6,0.6654,8
457,7,0.0001,8
458,0,0.3373,8
458,1,0.6597,8
458,2,0.0005,8
458,3,0.0005,8
458,4,0.0005,8
458,5,0.0005,8
458,6,0.0005,8
458,7,0.0005,9
459,0,0.1793,9
459,1,0.4761,9
459,2,0.0002,9
459,3,0.0002,9
459,4,0.0002,9
459,5,0.0002,9
459,6,0.2519,9
459,7,0.092,9
460,0,0.1317,9
460,1,0.0003,9
460,2,0.0003,9
460,3,0.6232,9
460,4,0.0003,9
460,5,0.0003,9
460,6,0.2434,9
460,7,0.0003,9
461,0,0.0001,9
461,1,0.0001,9
461,2,0.0001,9
461,3,0.0001,9
461,4,0.0001,9
461,5,0.0876,9
461,6,0.4948,9
461,7,0.417,9
462,0,0.0005,9
462,1,0.5907,9
462,2,0.0005,9
462,3,0.2124,9
462,4,0.0005,9
462,5,0.1944,9
462,6,0.0005,0
462,7,0.0005,0
463,0,0.0002,0
463,1,0.3006,0
463,2,0.0002,0
463,3,0.0002,0
463,4,0.0002,0
463,5,0.0002,0
463,6,0.6982,0
463,7,0.0002,0
464,0,0.9074,0
464,1,0.0003,0
464,2,0.0003,0
464,3,0.0003,0
464,4,0.0003,0
464,5,0.0909,0
464,6,0.0003,0
464,7,0.0003,0
465,0,0.0286,0
465,1,0.0002,0
465,2,0.0002,0
465,3,0.0002,0
465,4,0.0002,0
465,5,0.0002,0
465,6,0.9704,0
465,7,0.0002,0
466,0,0.1542,0
466,1,0.0005,0
466,2,0.0005,0
466,3,0.0005,0
466,4,0.2822,0
466,5,0.4079,0
466,6,0.1537,0
466,7,0.0005,0
467,0,0.5537,0
467,1,0.4428,0
467,2,0.0006,0
467,3,0.0006,0
467,4,0.0006,0
467,5,0.0006,0
467,6,0.0006,0
467,7,0.0006,0
468,0,0.0004,0
468,1,0.2644,0
468,2,0.0004,0
468,3,0.0004,0
468,4,0.0004,0
468,5,0.4193,0
468,6,0.3142,0
468,7,0.0004,0
469,0,0.0001,0
469,1,0.1971,0
469,2,0.0001,0
469,3,0.0001,0
469,4,0.0001,0
469,5,0.0001,0
469,6,0.0001,0
469,7,0.802,0
470,0,0.1819,0
470,1,0.0002,0
470,2,0.0002,0
470,3,0.6466,0
470,4,0.0002,0
470,5,0.0002,0
470,6,0.0002,0
470,7,0.1703,0
471,0,0.037,0
471,1,0.0006,1
471,2,0.0006,1
471,3,0.9597,1
471,4,0.0006,1
471,5,0.0006,1
471,6,0.0006,1
471,7,0.0006,1
472,0,0.6129,1
472,1,0.0004,1
472,2,0.0004,1
472,3,0.0004,1
472,4,0.0004,1
472,5,0.0004,1
472,6,0.0004,1
472,7,0.3848,1
473,0,0.3326,1
473,1,0.0005,1
473,2,0.0005,1
473,3,0.0005,1
473,4,0.6644,1
473,5,0.0005,1
473,6,0.0005,1
473,7,0.0005,1
474,0,0.0093,1
474,1,0.9352,1
474,2,0.0093,1
474,3,0.0093,1
474,4,0.0093,1
474,5,0.0093,1
474,6,0.0093,1
474,7,0.0093,1
475,0,0.0001,1
475,1,0.6025,1
475,2,0.0001,1
475,3,0.023,1
475,4,0.0001,1
475,5,0.0001,1
475,6,0.0001,1
475,7,0.374,1
476,0,0.0011,1
476,1,0.0011,1
476,2,0.0011,1
476,3,0.0011,1
476,4,0.0011,1
476,5,0.0011,1
476,6,0.9923,1
476,7,0.0011,1
477,0,0.0008,1
477,1,0.0008,1
477,2,0.0008,1
477,3,0.0008,1
477,4,0.0008,1
477,5,0.0008,1
477,6,0.9942,1
477,7,0.0008,1
478,0,0.1688,1
478,1,0.0002,1
478,2,0.0002,1
478,3,0.0002,1
478,4,0.5913,1
478,5,0.2388,1
478,6,0.0002,1
478,7,0.0002,1
479,0,0.0002,1
479,1,0.8035,1
479,2,0.0002,1
479,3,0.0002,1
479,4,0.0002,1
479,5,0.0002,1
479,6,0.0002,1
479,7,0.1951,1
480,0,0.0002,1
480,1,0.0002,1
480,2,0.0002,1
480,3,0.0002,1
480,4,0.0002,1
480,5,0.0002,1
480,6,0.9985,1
480,7,0.0002,1
481,0,0.0004,1
481,1,0.3623,1
481,2,0.0004,1
481,3,0.0004,1
481,4,0.0004,1
481,5,0.0004,1
481,6,0.6355,1
481,7,0.0004,1
482,0,0.0002,1
482,1,0.9988,1
482,2,0.0002,1
482,3,0.0002,1
482,4,0.0002,1
482,5,0.0002,1
482,6,0.0002,1
482,7,0.0002,1
483,0,0.311,1
483,1,0.6824,1
483,2,0.0011,1
483,3,0.0011,1
483,4,0.0011,1
483,5,0.0011,1
483,6,0.0011,1
483,7,0.0011,1
484,0,0.0002,1
484,1,0.5146,1
484,2,0.0002,1
484,3,0.106,1
484,4,0.0002,1
484,5,0.3784,1
484,6,0.0002,1
484,7,0.0002,1
485,0,0.0001,1
485,1,0.4005,1
485,2,0.0001,1
485,3,0.4906,1
485,4,0.0001,1
485,5,0.0001,1
485,6,0.0001,1
485,7,0.1086,1
486,0,0.5188,1
486,1,0.0025,1
486,2,0.0025,1
486,3,0.0025,1
486,4,0.4665,1
486,5,0.0025,1
486,6,0.0025,1
486,7,0.0025,1
487,0,0.0002,1
487,1,0.5909,1
487,2,0.0002,1
487,3,0.0002,1
487,4,0.0002,1
487,5,0.0002,1
487,6,0.408,1
487,7,0.0002,1
488,0,0.0632,2
488,1,0.7463,2
488,2,0.0002,2
488,3,0.0328,2
488,4,0.0002,2
488,5,0.0002,2
488,6,0.1259,2
488,7,0.0313,2
489,0,0.0005,2
489,1,0.7749,2
489,2,0.0005,2
489,3,0.0005,2
489,4,0.0005,2
489,5,0.2219,2
489,6,0.0005,2
489,7,0.0005,2
490,0,0.0001,2
490,1,0.0001,2
490,2,0.0139,2
490,3,0.0001,2
490,4,0.0001,2
490,5,0.4605,2
490,6,0.5249,2
490,7,0.0001,2
491,0,0.0002,2
491,1,0.0002,2
491,2,0.0002,2
491,3,0.0002,2
491,4,0.0002,2
491,5,0.0002,2
491,6,0.9983,2
491,7,0.0002,2
492,0,0.3169,2
492,1,0.5828,2
492,2,0.0003,2
492,3,0.0003,2
492,4,0.0003,2
492,5,0.0003,2
492,6,0.0989,2
492,7,0.0003,2
493,0,0.0003,2
493,1,0.0003,2
493,2,0.0003,2
493,3,0.9035,2
493,4,0.0003,2
493,5,0.0003,2
493,6,0.0003,2
493,7,0.0945,2
494,0,0.0002,2
494,1,0.0816,2
494,2,0.0002,3
494,3,0.0002,3
494,4,0.0002,3
494,5,0.1916,3
494,6,0.0002,3
494,7,0.7259,3
495,0,0.2869,3
495,1,0.2113,3
495,2,0.0002,3
495,3,0.0002,3
495,4,0.0002,3
495,5,0.0002,3
495,6,0.501,3
495,7,0.0002,3
496,0,0.0005,3
496,1,0.0005,3
496,2,0.0005,3
496,3,0.0005,3
496,4,0.0005,3
496,5,0.1444,3
496,6,0.0005,3
496,7,0.8528,3
497,0,0.0004,3
497,1,0.0224,3
497,2,0.0004,3
497,3,0.0004,3
497,4,0.0004,3
497,5,0.0004,3
497,6,0.0004,3
497,7,0.975,3
498,0,0.2766,3
498,1,0.0014,3
498,2,0.0014,3
498,3,0.7149,3
498,4,0.0014,3
498,5,0.0014,3
498,6,0.0014,3
498,7,0.0014,3
499,0,0.0004,3
499,1,0.0004,3
499,2,0.0004,3
499,3,0.0004,3
499,4,0.0004,3
499,5,0.0004,3
499,6,0.9973,3
499,7,0.0004,3
500,0,0.0007,3
500,1,0.0007,3
500,2,0.0007,3
500,3,0.1657,3
500,4,0.0007,3
500,5,0.466,3
500,6,0.0007,3
500,7,0.3648,4
501,0,0.8356,4
501,1,0.0003,4
501,2,0.0003,4
501,3,0.0734,4
501,4,0.0897,4
501,5,0.0003,4
501,6,0.0003,4
501,7,0.0003,4
502,0,0.0004,4
502,1,0.0004,4
502,2,0.0004,4
502,3,0.0004,4
502,4,0.0004,4
502,5,0.0004,4
502,6,0.9973,4
502,7,0.0004,4
503,0,0.0004,4
503,1,0.6736,4
503,2,0.0004,4
503,3,0.0004,4
503,4,0.0004,4
503,5,0.3241,4
503,6,0.0004,4
503,7,0.0004,4
504,0,0.1184,4
504,1,0.5881,4
504,2,0.0002,4
504,3,0.0002,4
504,4,0.0002,4
504,5,0.0075,4
504,6,0.2346,4
504,7,0.0507,4
505,0,0.1791,4
505,1,0.0002,4
505,2,0.0002,4
505,3,0.0002,4
505,4,0.0195,4
505,5,0.0002,4
505,6,0.8004,4
505,7,0.0002,4
506,0,0.0005,4
506,1,0.0005,4
506,2,0.0005,4
506,3,0.0005,4
506,4,0.0005,4
506,5,0.2253,4
506,6,0.7717,4
506,7,0.0005,4
507,0,0.0002,4
507,1,0.7688,5
507,2,0.0002,5
507,3,0.0002,5
507,4,0.0002,5
507,5,0.0002,5
507,6,0.2298,5
507,7,0.0002,5
508,0,0.6921,5
508,1,0.3051,5
508,2,0.0005,5
508,3,0.0005,5
508,4,0.0005,5
508,5,0.0005,5
508,6,0.0005,5
508,7,0.0005,5
509,0,0.0005,5
509,1,0.3274,5
509,2,0.0005,5
509,3,0.0005,5
509,4,0.0005,5
509,5,0.0827,5
509,6,0.5873,5
509,7,0.0005,5
510,0,0.4622,5
510,1,0.0008,5
510,2,0.0008,5
510,3,0.0008,5
510,4,0.2412,5
510,5,0.0008,5
510,6,0.2925,5
510,7,0.0008,5
511,0,0.0002,5
511,1,0.0002,5
511,2,0.0002,5
511,3,0.0002,5
511,4,0.0002,5
511,5,0.0002,5
511,6,0.0002,5
511,7,0.9986,5
512,0,0.0009,5
512,1,0.0009,5
512,2,0.2546,5
512,3,0.74,5
512,4,0.0009,5
512,5,0.0009,5
512,6,0.0009,5
512,7,0.0009,5
513,0,0.0004,6
513,1,0.0004,6
513,2,0.0004,6
513,3,0.0089,6
513,4,0.0004,6
513,5,0.2592,6
513,6,0.7297,6
513,7,0.0004,6
514,0,0.0001,6
514,1,0.0001,6
514,2,0.0001,6
514,3,0.0001,6
514,4,0.0001,6
514,5,0.9994,6
514,6,0.0001,6
514,7,0.0001,6
515,0,0.001,6
515,1,0.6159,6
515,2,0.001,6
515,3,0.1331,6
515,4,0.001,6
515,5,0.001,6
515,6,0.246,6
515,7,0.001,6
516,0,0.0002,6
516,1,0.0342,6
516,2,0.0002,6
516,3,0.0002,6
516,4,0.0002,6
516,5,0.6811,6
516,6,0.0288,6
516,7,0.2552,6
517,0,0.0003,6
517,1,0.6387,6
517,2,0.0003,6
517,3,0.0003,6
517,4,0.0003,6
517,5,0.3597,6
517,6,0.0003,6
517,7,0.0003,6
518,0,0.0004,6
518,1,0.006,6
518,2,0.7239,6
518,3,0.0004,6
518,4,0.0004,6
518,5,0.0004,6
518,6,0.2682,6
518,7,0.0004,6
519,0,0.0002,6
519,1,0.4525,6
519,2,0.0002,6
519,3,0.0002,6
519,4,0.0002,6
519,5,0.0704,7
519,6,0.0002,7
519,7,0.4759,7
520,0,0.0003,7
520,1,0.0003,7
520,2,0.0003,7
520,3,0.0003,7
520,4,0.1242,7
520,5,0.8739,7
520,6,0.0003,7
520,7,0.0003,7
521,0,0.0002,7
521,1,0.8434,7
521,2,0.0002,7
521,3,0.1551,7
521,4,0.0002,7
521,5,0.0002,7
521,6,0.0002,7
521,7,0.0002,7
522,0,0.0003,7
522,1,0.0003,7
522,2,0.0003,7
522,3,0.0003,7
522,4,0.0003,7
522,5,0.0003,7
522,6,0.1798,7
522,7,0.8183,7
523,0,0.0001,7
523,1,0.0001,7
523,2,0.0001,7
523,3,0.0449,7
523,4,0.0001,7
523,5,0.0001,7
523,6,0.0001,7
523,7,0.9544,7
524,0,0.0001,7
524,1,0.1504,7
524,2,0.0001,7
524,3,0.2612,7
524,4,0.0001,7
524,5,0.0565,7
524,6,0.0001,7
524,7,0.5314,7
525,0,0.0001,7
525,1,0.0001,7
525,2,0.0001,7
525,3,0.2611,7
525,4,0.0001,7
525,5,0.0001,7
525,6,0.0001,7
525,7,0.7384,7
526,0,0.0497,7
526,1,0.0003,7
526,2,0.0003,7
526,3,0.0003,7
526,4,0.1377,7
526,5,0.0003,7
526,6,0.0003,7
526,7,0.8109,7
527,0,0.0533,7
527,1,0.0642,7
527,2,0.0002,7
527,3,0.0002,7
527,4,0.0002,7
527,5,0.2846,7
527,6,0.0002,7
527,7,0.5971,7
528,0,0.0598,7
528,1,0.0116,8
528,2,0.3568,8
528,3,0.0071,8
528,4,0.0001,8
528,5,0.1187,8
528,6,0.3958,8
528,7,0.0502,8
529,0,0.1321,8
529,1,0.0001,8
529,2,0.0001,8
529,3,0.0325,8
529,4,0.0001,8
529,5,0.0001,8
529,6,0.0001,8
529,7,0.835,8
530,0,0.0493,8
530,1,0.2112,8
530,2,0.0001,8
530,3,0.7388,8
530,4,0.0001,8
530,5,0.0001,8
530,6,0.0001,8
530,7,0.0001,8
531,0,0.0003,8
531,1,0.0003,8
531,2,0.0003,8
531,3,0.0003,8
531,4,0.0003,8
531,5,0.0838,8
531,6,0.9143,8
531,7,0.0003,8
532,0,0.4653,8
532,1,0.0002,8
532,2,0.0002,8
532,3,0.0002,8
532,4,0.0002,8
532,5,0.5335,8
532,6,0.0002,8
532,7,0.0002,8
533,0,0.0001,8
533,1,0.1992,8
533,2,0.0001,8
533,3,0.0001,8
533,4,0.0001,8
533,5,0.6195,8
533,6,0.1718,8
533,7,0.0089,8
534,0,0.0004,8
534,1,0.0004,8
534,2,0.0004,8
534,3,0.0004,8
534,4,0.9972,8
534,5,0.0004,8
534,6,0.0004,8
534,7,0.0004,8
535,0,0.0002,8
535,1,0.9601,8
535,2,0.0002,8
535,3,0.0002,8
535,4,0.0002,8
535,5,0.0385,8
535,6,0.0002,8
535,7,0.0002,8
536,0,0.0002,9
536,1,0.9561,9
536,2,0.0002,9
536,3,0.0002,9
536,4,0.0002,9
536,5,0.0424,9
536,6,0.0002,9
536,7,0.0002,9
537,0,0.0002,9
537,1,0.0002,9
537,2,0.0002,9
537,3,0.9986,9
537,4,0.0002,9
537,5,0.0002,9
537,6,0.0002,9
537,7,0.0002,9
538,0,0.0966,9
538,1,0.0001,9
538,2,0.0001,9
538,3,0.0001,9
538,4,0.0001,9
538,5,0.2587,9
538,6,0.4752,9
538,7,0.169,9
539,0,0.0664,9
539,1,0.0158,9
539,2,0.0004,9
539,3,0.0004,9
539,4,0.0004,9
539,5,0.0004,9
539,6,0.0004,9
539,7,0.9159,0
540,0,0.1898,0
540,1,0.0003,0
540,2,0.0003,0
540,3,0.0003,0
540,4,0.0003,0
540,5,0.0003,0
540,6,0.8083,0
540,7,0.0003,0
541,0,0.9976,0
541,1,0.0003,0
541,2,0.0003,0
541,3,0.0003,0
541,4,0.0003,0
541,5,0.0003,0
541,6,0.0003,0
541,7,0.0003,0
542,0,0.0002,0
542,1,0.0002,0
542,2,0.0002,0
542,3,0.9984,0
542,4,0.0002,0
542,5,0.0002,0
542,6,0.0002,0
542,7,0.0002,0
543,0,0.0001,0
543,1,0.9995,0
543,2,0.0001,0
543,3,0.0001,0
543,4,0.0001,0
543,5,0.0001,0
543,6,0.0001,0
543,7,0.0001,0
544,0,0.8914,0
544,1,0.0002,0
544,2,0.0002,0
544,3,0.0002,0
544,4,0.1076,0
544,5,0.0002,0
544,6,0.0002,0
544,7,0.0002,0
545,0,0.0002,0
545,1,0.9989,0
545,2,0.0002,0
545,3,0.0002,0
545,4,0.0002,0
545,5,0.0002,0
545,6,0.0002,0
545,7,0.0002,0
546,0,0.0001,0
546,1,0.9993,0
546,2,0.0001,0
546,3,0.0001,0
546,4,0.0001,0
546,5,0.0001,0
546,6,0.0001,0
546,7,0.0001,0
547,0,0.0001,0
547,1,0.0001,0
547,2,0.0001,0
547,3,0.0001,0
547,4,0.0001,0
547,5,0.999,0
547,6,0.0001,0
547,7,0.0001,0
548,0,0.3731,0
548,1,0.0002,0
548,2,0.0002,1
548,3,0.0122,1
548,4,0.0002,1
548,5,0.0002,1
548,6,0.0002,1
548,7,0.6139,1
549,0,0.1577,1
549,1,0.0002,1
549,2,0.0002,1
549,3,0.8413,1
549,4,0.0002,1
549,5,0.0002,1
549,6,0.0002,1
549,7,0.0002,1
550,0,0.9983,1
550,1,0.0002,1
550,2,0.0002,1
550,3,0.0002,1
550,4,0.0002,1
550,5,0.0002,1
550,6,0.0002,1
550,7,0.0002,1
551,0,0.0051,1
551,1,0.0113,1
551,2,0.0487,1
551,3,0.2521,1
551,4,0.0002,1
551,5,0.0252,1
551,6,0.6571,1
551,7,0.0002,1
552,0,0.0001,1
552,1,0.3314,1
552,2,0.0001,1
552,3,0.0001,1
552,4,0.0001,1
552,5,0.3911,1
552,6,0.0001,1
552,7,0.277,1
553,0,0.0004,1
553,1,0.0004,1
553,2,0.0004,1
553,3,0.0004,1
553,4,0.0004,1
553,5,0.0004,1
553,6,0.9971,1
553,7,0.0004,1
554,0,0.0001,1
554,1,0.0001,1
554,2,0.0001,1
554,3,0.0001,1
554,4,0.0001,1
554,5,0.0001,1
554,6,0.0001,1
554,7,0.9991,1
555,0,0.0017,1
555,1,0.0002,1
555,2,0.0002,1
555,3,0.0002,1
555,4,0.0002,1
555,5,0.0002,1
555,6,0.9973,1
555,7,0.0002,1
556,0,0.0002,1
556,1,0.0765,1
556,2,0.0002,1
556,3,0.0002,1
556,4,0.1888,1
556,5,0.0002,1
556,6,0.2134,1
556,7,0.5207,1
557,0,0.1328,1
557,1,0.0001,1
557,2,0.0001,1
557,3,0.1737,1
557,4,0.0001,1
557,5,0.0072,1
557,6,0.2434,1
557,7,0.4425,1
558,0,0.0005,1
558,1,0.0005,1
558,2,0.0005,1
558,3,0.0428,1
558,4,0.0005,1
558,5,0.0005,1
558,6,0.9543,1
558,7,0.0005,1
559,0,0.0954,1
559,1,0.5431,1
559,2,0.0003,1
559,3,0.0003,1
559,4,0.1446,1
559,5,0.0637,1
559,6,0.1524,1
559,7,0.0003,1
560,0,0.0004,1
560,1,0.6131,1
560,2,0.0004,1
560,3,0.0004,1
560,4,0.0004,1
560,5,0.3845,1
560,6,0.0004,1
560,7,0.0004,1
561,0,0.1034,1
561,1,0.0002,1
561,2,0.0002,1
561,3,0.0002,1
561,4,0.0002,1
561,5,0.0765,1
561,6,0.0002,1
561,7,0.8192,1
562,0,0.0002,1
562,1,0.0268,1
562,2,0.0002,1
562,3,0.0002,1
562,4,0.0002,1
562,5,0.0002,1
562,6,0.7502,1
562,7,0.2221,1
563,0,0.9254,1
563,1,0.0002,1
563,2,0.0002,1
563,3,0.0002,1
563,4,0.0002,1
563,5,0.0002,1
563,6,0.0736,1
563,7,0.0002,1
564,0,0.0002,1
564,1,0.0002,1
564,2,0.0002,1
564,3,0.3173,1
564,4,0.0002,1
564,5,0.0002,1
564,6,0.0002,1
564,7,0.6813,1
565,0,0.1433,1
565,1,0.0002,2
565,2,0.0002,2
565,3,0.0002,2
565,4,0.0002,2
565,5,0.4289,2
565,6,0.4269,2
565,7,0.0002,2
566,0,0.167,2
566,1,0.8305,2
566,2,0.0,2
566,3,0.0,2
566,4,0.0,2
566,5,0.0023,2
566,6,0.0,2
566,7,0.0,2
567,0,0.0004,2
567,1,0.4607,2
567,2,0.0004,2
567,3,0.0004,2
567,4,0.0004,2
567,5,0.0004,2
567,6,0.0004,2
567,7,0.5367,2
568,0,0.1469,2
568,1,0.0004,2
568,2,0.0807,2
568,3,0.7704,2
568,4,0.0004,2
568,5,0.0004,2
568,6,0.0004,2
568,7,0.0004,2
569,0,0.0002,2
569,1,0.0002,2
569,2,0.0002,2
569,3,0.738,2
569,4,0.0002,2
569,5,0.0002,2
569,6,0.0002,2
569,7,0.2606,2
570,0,0.0002,2
570,1,0.3305,2
570,2,0.0002,2
570,3,0.0423,2
570,4,0.0002,2
570,5,0.0002,2
570,6,0.0002,2
570,7,0.6264,2
571,0,0.3669,2
571,1,0.0003,2
571,2,0.0003,2
571,3,0.0003,3
571,4,0.0003,3
571,5,0.0003,3
571,6,0.6314,3
571,7,0.0003,3
572,0,0.0002,3
572,1,0.0713,3
572,2,0.0002,3
572,3,0.0002,3
572,4,0.0002,3
572,5,0.1596,3
572,6,0.0146,3
572,7,0.7539,3
573,0,0.1729,3
573,1,0.0396,3
573,2,0.1625,3
573,3,0.3939,3
573,4,0.0001,3
573,5,0.2155,3
573,6,0.0001,3
573,7,0.0153,3
574,0,0.0002,3
574,1,0.0002,3
574,2,0.0002,3
574,3,0.0002,3
574,4,0.3369,3
574,5,0.6621,3
574,6,0.0002,3
574,7,0.0002,3
575,0,0.0002,3
575,1,0.6896,3
575,2,0.0002,3
575,3,0.0002,3
575,4,0.2885,3
575,5,0.0206,3
575,6,0.0002,3
575,7,0.0002,3
576,0,0.0001,3
576,1,0.0001,3
576,2,0.0001,3
576,3,0.0001,3
576,4,0.0001,3
576,5,0.0001,3
576,6,0.0001,3
576,7,0.9993,3
577,0,0.0001,3
577,1,0.8468,3
577,2,0.0001,3
577,3,0.1524,3
577,4,0.0001,3
577,5,0.0001,3
577,6,0.0001,3
577,7,0.0001,3
578,0,0.5811,4
578,1,0.0003,4
578,2,0.0003,4
578,3,0.0003,4
578,4,0.0003,4
578,5,0.0003,4
578,6,0.4173,4
578,7,0.0003,4
579,0,0.0002,4
579,1,0.0002,4
579,2,0.9989,4
579,3,0.0002,4
579,4,0.0002,4
579,5,0.0002,4
579,6,0.0002,4
579,7,0.0002,4
580,0,0.2333,4
580,1,0.0003,4
580,2,0.0003,4
580,3,0.0003,4
580,4,0.0003,4
580,5,0.0003,4
580,6,0.7647,4
580,7,0.0003,4
581,0,0.0101,4
581,1,0.0003,4
581,2,0.0003,4
581,3,0.0003,4
581,4,0.0003,4
581,5,0.0003,4
581,6,0.9883,4
581,7,0.0003,4
582,0,0.1437,4
582,1,0.066,4
582,2,0.0001,4
582,3,0.0001,4
582,4,0.0001,4
582,5,0.0213,4
582,6,0.0132,4
582,7,0.7555,4
583,0,0.0005,4
583,1,0.0005,4
583,2,0.0005,4
583,3,0.0005,4
583,4,0.0005,4
583,5,0.0005,4
583,6,0.9968,4
583,7,0.0005,4
584,0,0.9959,4
584,1,0.0006,4
584,2,0.0006,5
584,3,0.0006,5
584,4,0.0006,5
584,5,0.0006,5
584,6,0.0006,5
584,7,0.0006,5
585,0,0.0002,5
585,1,0.0002,5
585,2,0.0002,5
585,3,0.6245,5
585,4,0.0002,5
585,5,0.0002,5
585,6,0.0002,5
585,7,0.3743,5
586,0,0.0001,5
586,1,0.0001,5
586,2,0.0001,5
586,3,0.9992,5
586,4,0.0001,5
586,5,0.0001,5
586,6,0.0001,5
586,7,0.0001,5
587,0,0.0003,5
587,1,0.0003,5
587,2,0.0003,5
587,3,0.9982,5
587,4,0.0003,5
587,5,0.0003,5
587,6,0.0003,5
587,7,0.0003,5
588,0,0.2185,5
588,1,0.0001,5
588,2,0.6835,5
588,3,0.0001,5
588,4,0.0725,5
588,5,0.0252,5
588,6,0.0001,5
588,7,0.0001,5
589,0,0.5366,5
589,1,0.0002,5
589,2,0.0002,5
589,3,0.0002,5
589,4,0.0002,5
589,5,0.4621,5
589,6,0.0002,5
589,7,0.0002,5
590,0,0.131,5
590,1,0.0004,6
590,2,0.0004,6
590,3,0.8669,6
590,4,0.0004,6
590,5,0.0004,6
590,6,0.0004,6
590,7,0.0004,6
591,0,0.7756,6
591,1,0.0002,6
591,2,0.0002,6
591,3,0.2234,6
591,4,0.0002,6
591,5,0.0002,6
591,6,0.0002,6
591,7,0.0002,6
592,0,0.9923,6
592,1,0.0011,6
592,2,0.0011,6
592,3,0.0011,6
592,4,0.0011,6
592,5,0.0011,6
592,6,0.0011,6
592,7,0.0011,6
593,0,0.0002,6
593,1,0.0002,6
593,2,0.0002,6
593,3,0.0002,6
593,4,0.0002,6
593,5,0.0002,6
593,6,0.9987,6
593,7,0.0002,6
594,0,0.4183,6
594,1,0.5036,6
594,2,0.0002,6
594,3,0.0002,6
594,4,0.0002,6
594,5,0.0002,6
594,6,0.0002,6
594,7,0.0772,6
595,0,0.0002,6
595,1,0.0002,6
595,2,0.0002,6
595,3,0.9985,6
595,4,0.0002,6
595,5,0.0002,6
595,6,0.0002,6
595,7,0.0002,6
596,0,0.413,6
596,1,0.0002,6
596,2,0.0002,6
596,3,0.0002,6
596,4,0.0002,6
596,5,0.3706,6
596,6,0.2156,7
596,7,0.0002,7
597,0,0.6538,7
597,1,0.0004,7
597,2,0.0004,7
597,3,0.3437,7
597,4,0.0004,7
597,5,0.0004,7
597,6,0.0004,7
597,7,0.0004,7
598,0,0.442,7
598,1,0.0002,7
598,2,0.0002,7
598,3,0.5567,7
598,4,0.0002,7
598,5,0.0002,7
598,6,0.0002,7
598,7,0.0002,7
599,0,0.5771,7
599,1,0.0002,7
599,2,0.0002,7
599,3,0.4214,7
599,4,0.0002,7
599,5,0.0002,7
599,6,0.0002,7
599,7,0.0002,7
600,0,0.3756,7
600,1,0.0004,7
600,2,0.0004,7
600,3,0.6223,7
600,4,0.0004,7
600,5,0.0004,7
600,6,0.0004,7
600,7,0.0004,7
601,0,0.869,7
601,1,0.0003,7
601,2,0.0003,7
601,3,0.1295,7
601,4,0.0003,7
601,5,0.0003,7
601,6,0.0003,7
601,7,0.0003,7
602,0,0.6761,7
602,1,0.0003,7
602,2,0.0003,7
602,3,0.1012,7
602,4,0.0003,7
602,5,0.0003,7
602,6,0.2211,7
602,7,0.0003,7
603,0,0.3049,7
603,1,0.0002,7
603,2,0.0002,7
603,3,0.5049,7
603,4,0.0002,7
603,5,0.1891,7
603,6,0.0002,7
603,7,0.0002,7
604,0,0.0007,7
604,1,0.0007,7
604,2,0.0007,7
604,3,0.995,7
604,4,0.0007,7
604,5,0.0007,7
604,6,0.0007,7
604,7,0.0007,7
605,0,0.9979,7
605,1,0.0003,7
605,2,0.0003,8
605,3,0.0003,8
605,4,0.0003,8
605,5,0.0003,8
605,6,0.0003,8
605,7,0.0003,8
606,0,0.0002,8
606,1,0.1362,8
606,2,0.0002,8
606,3,0.819,8
606,4,0.0002,8
606,5,0.0002,8
606,6,0.0002,8
606,7,0.0436,8
607,0,0.7423,8
607,1,0.0007,8
607,2,0.0007,8
607,3,0.2534,8
607,4,0.0007,8
607,5,0.0007,8
607,6,0.0007,8
607,7,0.0007,8
608,0,0.6001,8
608,1,0.0004,8
608,2,0.0004,8
608,3,0.3977,8
608,4,0.0004,8
608,5,0.0004,8
608,6,0.0004,8
608,7,0.0004,8
609,0,0.6647,8
609,1,0.0002,8
609,2,0.0002,8
609,3,0.3341,8
609,4,0.0002,8
609,5,0.0002,8
609,6,0.0002,8
609,7,0.0002,8
610,0,0.9963,8
610,1,0.0005,8
610,2,0.0005,8
610,3,0.0005,8
610,4,0.0005,8
610,5,0.0005,8
610,6,0.0005,8
610,7,0.0005,8
611,0,0.1904,8
611,1,0.0002,8
611,2,0.0002,8
611,3,0.8084,8
611,4,0.0002,8
611,5,0.0002,8
611,6,0.0002,8
611,7,0.0002,8
612,0,0.6979,8
612,1,0.0002,8
612,2,0.0002,8
612,3,0.3008,8
612,4,0.0002,8
612,5,0.0002,8
612,6,0.0002,8
612,7,0.0002,8
613,0,0.9946,8
613,1,0.0008,9
613,2,0.0008,9
613,3,0.0008,9
613,4,0.0008,9
613,5,0.0008,9
613,6,0.0008,9
613,7,0.0008,9
614,0,0.3599,9
614,1,0.0081,9
614,2,0.0001,9
614,3,0.0001,9
614,4,0.0354,9
614,5,0.0789,9
614,6,0.1146,9
614,7,0.403,9
615,0,0.2908,9
615,1,0.0004,9
615,2,0.0004,9
615,3,0.7069,9
615,4,0.0004,9
615,5,0.0004,9
615,6,0.0004,9
615,7,0.0004,9
616,0,0.05,9
616,1,0.2563,9
616,2,0.0002,9
616,3,0.2143,9
616,4,0.0002,9
616,5,0.4171,9
616,6,0.0002,9
616,7,0.0618,9
